<?xml version="1.0" encoding="UTF-8"?>
<root>
	<item>
		<index>1</index>
		<name>普通VIP</name>
		<des>VIP标识；上传头像；专属普通VIP礼包（每日可免费使用加速度10次；付费邮件免费发5次；）；收益加成0.5%；兑换加成0.5%；商城兑换9.5折；</des>
	</item>
	<item>
		<index>2</index>
		<name>黄金VIP</name>
		<des>VIP标识；上传头像；专属黄金VIP礼包（每日可免费使用加速度20次；付费邮件免费发10次。）收益加成0.8%；兑换加成0.8%；商城兑换9.2折；</des>
	</item>
	<item>
		<index>3</index>
		<name>钻石VIP</name>
		<des>VIP标识；上传头像；专属钻石VIP礼包（每日可免费使用加速度30次；付费邮件免费发20次。）收益加成1.2%；兑换加成1.2%；商城兑换8.8折；</des>
	</item>
	<item>
		<index>4</index>
		<name>金晶矿增产3天卡</name>
		<des>金晶矿收益增产10%</des>
	</item>
	<item>
		<index>5</index>
		<name>氚氢气增产3天卡</name>
		<des>氚氢气收益增产10%</des>
	</item>
	<item>
		<index>6</index>
		<name>暗物质增产3天卡</name>
		<des>暗物质收益增产10%</des>
	</item>
	<item>
		<index>7</index>
		<name>金晶矿增产7天卡</name>
		<des>金晶矿收益增产10%</des>
	</item>
	<item>
		<index>8</index>
		<name>氚氢气增产7天卡</name>
		<des>氚氢气收益增产10%</des>
	</item>
	<item>
		<index>9</index>
		<name>暗物质增产7天卡</name>
		<des>暗物质收益增产10%</des>
	</item>
	<item>
		<index>10</index>
		<name>金晶矿增产30天卡</name>
		<des>金晶矿收益增产10%</des>
	</item>
	<item>
		<index>11</index>
		<name>氚氢气增产30天卡</name>
		<des>氚氢气收益增产10%</des>
	</item>
	<item>
		<index>12</index>
		<name>暗物质增产30天卡</name>
		<des>暗物质收益增产10%</des>
	</item>
	<item>
		<index>13</index>
		<name>暗能扩展仓（小）</name>
		<des>可扩展玩家背包格子1格，需通过商城使用暗能水晶购买。</des>
	</item>
	<item>
		<index>14</index>
		<name>暗能扩展仓（中）</name>
		<des>可扩展玩家背包格子2格，需通过商城使用暗能水晶购买。</des>
	</item>
	<item>
		<index>15</index>
		<name>暗能扩展仓（大）</name>
		<des>可扩展玩家背包格子5格，需通过商城使用暗能水晶购买。</des>
	</item>
	<item>
		<index>16</index>
		<name>铜色陨石箱</name>
		<des>宇宙中漂浮的远古箱子，需要使用1000个暗物质的能量来开启，有机率获得珍贵战车图纸、战车、道具等物品。</des>
	</item>
	<item>
		<index>17</index>
		<name>银色陨石箱</name>
		<des>宇宙中漂浮的远古箱子，需要使用2000个暗物质的能量来开启，有机率获得珍贵战车图纸、战车、道具等物品。</des>
	</item>
	<item>
		<index>18</index>
		<name>金色陨石箱</name>
		<des>宇宙中漂浮的远古箱子，需要使用3000个暗物质的能量来开启，有机率获得珍贵战车图纸、战车、道具等物品。</des>
	</item>
	<item>
		<index>19</index>
		<name>紫色陨石箱</name>
		<des>宇宙中漂浮的远古箱子，需要使用5000个暗物质的能量来开启，有机率获得珍贵战车图纸、战车、道具等物品。</des>
	</item>
	<item>
		<index>20</index>
		<name>小型宇宙探测仪</name>
		<des>可探测茫围为100天文，1天文等于14887万公里（只可探测10次）</des>
	</item>
	<item>
		<index>21</index>
		<name>中型宇宙探测仪</name>
		<des>可探测茫围为200天文，1天文等于14888万公里（只可探测10次）</des>
	</item>
	<item>
		<index>22</index>
		<name>大型宇宙探测仪</name>
		<des>可探测茫围为300天文，1天文等于14889万公里（只可探测10次）</des>
	</item>
	<item>
		<index>23</index>
		<name>工程师雇佣协议（3天）</name>
		<des>自购买之日期72小时内，自动收取星域制造工厂制造出的成品到玩家背包（玩家背包已满将不能收取）。</des>
	</item>
	<item>
		<index>24</index>
		<name>工程师雇佣协议（7天）</name>
		<des>自购买之日期168小时内，自动收取星域制造工厂制造出的成品到玩家背包（玩家背包已满将不能收取）。</des>
	</item>
	<item>
		<index>25</index>
		<name>工程师雇佣协议（30天）</name>
		<des>自购买之日期720小时内，自动收取星域制造工厂制造出的成品到玩家背包（玩家背包已满将不能收取）。</des>
	</item>
	<item>
		<index>26</index>
		<name>打捞舰A</name>
		<des>该打劳舰为小型打捞舰，内有2个小仓库。普通VIP玩家可免费使用，普通玩家可通过暗物质进行购买使用。</des>
	</item>
	<item>
		<index>27</index>
		<name>打捞舰B</name>
		<des>该打劳舰为小型打捞舰，内有3个小仓库。黄金VIP玩家可免费使用，普通玩家可通过商城使用暗能水晶进行购买使用。</des>
	</item>
	<item>
		<index>28</index>
		<name>打捞舰C</name>
		<des>该打劳舰为小型打捞舰，内有5个小仓库。钻石VIP玩家可免费使用，普通玩家可通过商城使用暗能水晶进行购买后使用。</des>
	</item>
	<item>
		<index>29</index>
		<name>打捞舰E</name>
		<des>该打劳舰为小型打捞舰，内有6个小仓库。所有玩家可通过商城使用暗能水晶进行购买后使用。</des>
	</item>
</root>
