<?xml version="1.0" encoding="UTF-8"?>
<root>
    <loadBaseUI>正在加载基础UI</loadBaseUI>
    <loadBaseUIError>加载基础UI错误，请刷新页面或联系管理人员</loadBaseUIError>
    <loadResUI>正在加载其他UI</loadResUI>
    <loadResUIError>加载其他UI错误，请刷新页面或联系管理人员</loadResUIError>
    <loadMain>正在加载主程序</loadMain>
    <loadMainError>加载主程序错误，请刷新页面或联系管理人员</loadMainError>
    <loginFail>登陆失败</loginFail>
    <createFail>创建失败</createFail>
    <tips>提示</tips>
    <loginUserNameEmpty>用户名不能为空</loginUserNameEmpty>
    <loginNaneWrong>用户名长度至少为6位</loginNaneWrong>
    <loginPasswordEmpty>密码不能为空</loginPasswordEmpty>
    <loginPasswordWrong>密码长度至少为6位</loginPasswordWrong>
    <registInfoEmpty>用户名不能为空</registInfoEmpty>
    <registInforError>用户名长度至少为6位</registInforError>
    <registPasswordEmpty>密码不能为空</registPasswordEmpty>
    <registPasswordError>密码长度至少为6位</registPasswordError>
    <registAgainEmpty>请核对您的密码</registAgainEmpty>
    <registNameEmpty>昵称不能为空</registNameEmpty>
    <registNameError>昵称长度至少为6位</registNameError>
    <registEmailError>邮件格式不正确</registEmailError>
    <loaderConfig>正在加载配置文件</loaderConfig>
    <loaderPre>正在加载基础文件</loaderPre>
    <loaderConfigList>正在加载配置包</loaderConfigList>
    <loaderNeedResRes>正在加载进入游戏资源</loaderNeedResRes>
    <loaderLogin>正在加载登录界面</loaderLogin>
    <loaderMainSence>正在加载主场景</loaderMainSence>
    <loadingServer>正在请求服务器数据</loadingServer>
    <loaderAllView>正在加载总览界面</loaderAllView>
    <loaderRongYu>正在加载荣誉界面</loaderRongYu>
    <NOT_ENOUGH_POWER>电能不足</NOT_ENOUGH_POWER>
    <PACKAGE_FULL_FOR_UPGRADE>背包空间不足！</PACKAGE_FULL_FOR_UPGRADE>
    <notEnoughInfo>升级该建筑后会导致你的电量不足，电量不足将会使你的基地和要塞的采集功能停止运作，是否还要升级？</notEnoughInfo>
    <INSUFFICIENT_RESOURCES>资源不足</INSUFFICIENT_RESOURCES>
    <NOT_REACHED_BUILDING_UPGRADE_CONDITIONS>没有达到升级条件，无法进行升级</NOT_REACHED_BUILDING_UPGRADE_CONDITIONS>
    <WRONG_QUERY_TYPE>查询类型错误，请重试</WRONG_QUERY_TYPE>
    <BUILDING_IS_UPGRADING>正在升级中</BUILDING_IS_UPGRADING>
    <BUILDING_OR_UPGRADING_HAS_ALREADY_FINISHED>升级已完成</BUILDING_OR_UPGRADING_HAS_ALREADY_FINISHED>
    <INSUFFICIENT_DARK_CRYSTALS>暗能水晶不足</INSUFFICIENT_DARK_CRYSTALS>
    <BUILDING_REACHED_MAX_LEVEL>建筑已到达最大等级</BUILDING_REACHED_MAX_LEVEL>
    <RESEARCH_HAS_FINISHED>研究已完成</RESEARCH_HAS_FINISHED>
    <SCIENCE_REACHED_MAX_LEVEL>科技已到达最大等级</SCIENCE_REACHED_MAX_LEVEL>
    <SCIENCE_IS_RESEARCHING>正在研究中</SCIENCE_IS_RESEARCHING>
    <USERNAME_EXIST>用户名已经存在</USERNAME_EXIST>
    <BAD_SIGNATURE>请求错误，请重试</BAD_SIGNATURE>
    <SESSION_EXPIRED>连接超时</SESSION_EXPIRED>
    <INCORRECT_USERNAME_PASS>用户名或密码错误</INCORRECT_USERNAME_PASS>
    <PLAY_DEMO_FAILED>请求失败，请重试</PLAY_DEMO_FAILED>
    <INVALID_PLAYER_ID>玩家ID错误</INVALID_PLAYER_ID>
    <INVALID_BASE_ID>基地ID错误</INVALID_BASE_ID>
    <DARK_MATTER_SHOULD_NOT_BE_ZERO>暗物质数量不能为零</DARK_MATTER_SHOULD_NOT_BE_ZERO>
    <BUILDING_HAS_ALREADY_EXIST>建筑已经存在</BUILDING_HAS_ALREADY_EXIST>
    <TIME_MACHINE_HAS_ALREADY_EXIST>时间机器已经存在</TIME_MACHINE_HAS_ALREADY_EXIST>
    <RECIPE_UNDER_CONSTRUCTION>正在制造中</RECIPE_UNDER_CONSTRUCTION>
    <PRODUCE_HAS_FINISHED>制造已完成</PRODUCE_HAS_FINISHED>
    <TANK_PART_HAS_ALREADY_MOUNTED>挂件已经被装载</TANK_PART_HAS_ALREADY_MOUNTED>
    <CHARIOT_REACHED_MAX_LEVEL>战车已达到强化最高等级</CHARIOT_REACHED_MAX_LEVEL>
    <REACHED_MAX_FORT_BUILDING_SIZE>已到达要塞建筑数量的最大限制</REACHED_MAX_FORT_BUILDING_SIZE>
    <LACK_OF_SCIENCE>缺少对应科技支持</LACK_OF_SCIENCE>
    <CANNOT_DESTROY_FORT_CENTER>不能摧毁要塞中心</CANNOT_DESTROY_FORT_CENTER>
    <ITEM_NOT_EXIST>物品不存在</ITEM_NOT_EXIST>
    <LEGION_NAME_EXISTED>军团名称已经存在</LEGION_NAME_EXISTED>
    <HAS_BEEN_IN_A_LEGION>您已经加入了一个军团</HAS_BEEN_IN_A_LEGION>
    <APPLY_HAS_DEALED>申请已经被处理</APPLY_HAS_DEALED>
    <RECEIVER_NOT_EXSIT>收件人不存在</RECEIVER_NOT_EXSIT>
    <SEND_MAIL_FAILED>邮件发送失败</SEND_MAIL_FAILED>
    <ATTACHMENT_HAS_BEEN_RECEIVED>附件已经接收</ATTACHMENT_HAS_BEEN_RECEIVED>
    <QUEST_HAS_BEEN_REWARDED>任务奖励已经领取</QUEST_HAS_BEEN_REWARDED>
    <QUEST_NOT_FINISHED>任务没有完成</QUEST_NOT_FINISHED>
    <NOT_REACHED_SCIENCE_CONDITION>没有达到科技要求</NOT_REACHED_SCIENCE_CONDITION>
    <SERVER_BUSY>服务器繁忙，请稍后重试</SERVER_BUSY>
    <INVALID_NICKNAME>昵称不合要求，请重新输入</INVALID_NICKNAME>
    <INVALID_USERNAME>用户名不合要求，请重新输入</INVALID_USERNAME>
    <NICKNAME_DUPLICATE>昵称已存在</NICKNAME_DUPLICATE>
    <ACCOUNT_VALIDATION_FAILD>账户验证失败</ACCOUNT_VALIDATION_FAILD>
    <ACCOUNT_UPDATE_FAILED>更新账户失败</ACCOUNT_UPDATE_FAILED>
    <INVALID_BUILDING_ID>建筑ID错误</INVALID_BUILDING_ID>
    <ITEM_ALREADY_IN_USE>物品已使用</ITEM_ALREADY_IN_USE>
    <ACCOUNT_ERROR_DUPLICATE>用户名已经被使用！</ACCOUNT_ERROR_DUPLICATE>
    
	<!--—————————————————————————————————————————————-->
    <buildSelectorFieldUp>升级</buildSelectorFieldUp>
    <buildSelectorFieldRongYu>荣誉</buildSelectorFieldRongYu>
    <buildSelectorFieldZongLan>总览</buildSelectorFieldZongLan>
    <buildSelectorFieldTime>时间加速</buildSelectorFieldTime>
    <buildSelectorFieldChaKan>查看仓库</buildSelectorFieldChaKan>
    <buildSelectorFieldRongLan>熔炼</buildSelectorFieldRongLan>
    <buildSelectorFieldKeYan>科技研究</buildSelectorFieldKeYan>
    <buildSelectorFieldGaiZhuang>改装工厂</buildSelectorFieldGaiZhuang>
    <buildSelectorFieldZhiZao>制造工厂</buildSelectorFieldZhiZao>
    <buildSelectorFieldGaiZhuang>改装工厂</buildSelectorFieldGaiZhuang>
    <buildSelectorFieldWeiXiu>维修工厂</buildSelectorFieldWeiXiu>
    <chariot>战车</chariot>
    <tankPart>挂件</tankPart>
    <recipe>图纸</recipe>
    <guaJianTypeBig>大型挂件</guaJianTypeBig>
    <guaJianTypeBig>中型挂件</guaJianTypeBig>
    <GuaJianTypeSmall>小型挂件</GuaJianTypeSmall>
    <destroyItem>确认删除</destroyItem>
    <destroyIteminfo>是否删除物品？</destroyIteminfo>
    <useIteminfo>图纸学习成功！</useIteminfo>
    <useItemshibai>图纸学习失败！</useItemshibai>
    <useItemclose>图纸学习条件不足！</useItemclose>
    <useItem>道具使用成功！</useItem>
    <addItem>仓库空间购买成功！</addItem>
    <notHasCangKu>未修建仓库，请先修建仓库再使用此功能！</notHasCangKu>
	
    <timeMiao>秒</timeMiao>
    <speedTimeInfo>使用时间机器完成本任务需花费</speedTimeInfo>

    <loadFont>正在加载字体</loadFont>
    <loadFontError>加载字体错误</loadFontError>

	<duiHuan>兑换</duiHuan>
	<buySuccess>兑换成功！</buySuccess>
	
	<numOfYaoSai>要塞</numOfYaoSai>
	<buffType1>水晶产量增加</buffType1>
	<buffType2>氚气产量增加</buffType2>
	<buffType3>暗物质产量增加</buffType3>
	<buffType>增益类型：</buffType>
	
    <!--———————————————————————条件不足 ——————————————————————-->
    <broken_crysta>暗物质：</broken_crysta>
    <crystal>水晶矿：</crystal>
    <tritium>氚气：</tritium>
    <power_supply>电能：</power_supply>
    <center_build>基地中心：</center_build>
    <science>科技：</science>
    <science_build>科技中心：</science_build>
    <buy_click>点击兑换</buy_click>
    <up_science>点击升级</up_science>
    <up_center>升级基地</up_center>
    <produce_click>点击生产</produce_click>
    <build_click>点击建造</build_click>
    <study_click>点击研究</study_click>
    <ji_guang_ke_ji>激光科技：</ji_guang_ke_ji>
    <dian_ci_ke_ji>电磁科技：</dian_ci_ke_ji>
    <an_neng_ke_ji>暗能科技：</an_neng_ke_ji>
    <shuijingbuzu>水晶数量不足无法熔炼！</shuijingbuzu>
    
    
    <dark_crystal>暗能水晶</dark_crystal>
    
    <!--———————————————————————小行星 ——————————————————————-->
    <plantStateNormalStr>正常</plantStateNormalStr>
    <plantStateBaoFuStr>不可攻击</plantStateBaoFuStr>
    <plantStateBaoFuZhong>保护中</plantStateBaoFuZhong>
    <plantStateKeGongJi>可攻击</plantStateKeGongJi>
    <plantStateKeZhanLing>可占领</plantStateKeZhanLing>
    <timeXiaoShi>小时</timeXiaoShi>
    <plantioidSwicthPointXY>切换坐标</plantioidSwicthPointXY>
	<plantJumpMaxTips>该区域还未被探测,将跳转到已探测的最大区域</plantJumpMaxTips>
	<plantDragInfoTips>按鼠标左键拖拽，移动可视区域</plantDragInfoTips>
	<PlantTongZhengYingName>星际联盟</PlantTongZhengYingName>
	<PlantDiZhengYingName>星际海盗</PlantDiZhengYingName>
    <!--———————————————————————挂件描述——————————————————————-->
    <guanJianDes_value>评分</guanJianDes_value>
    <guanJianDes_level>等级</guanJianDes_level>
    <guanJianDes_attack_type>攻击类型</guanJianDes_attack_type>
    <guanJianDes_attack>攻击力</guanJianDes_attack>
    <guanJianDes_damage_desc_type>减伤类型</guanJianDes_damage_desc_type>
    <guanJianDes_damage_desc>减少伤害</guanJianDes_damage_desc>
    <guanJianDes_area>提供范围</guanJianDes_area>
    <guanJianDes_attack_area>攻击范围</guanJianDes_attack_area>
    <guanJianDes_energy>耗能</guanJianDes_energy>
    <guanJianDes_attack_speed>能量转换(攻击速度)</guanJianDes_attack_speed>
    <guanJianDes_broken_crystal_collect>暗物质采集速度</guanJianDes_broken_crystal_collect>
    <guanJianDes_broken_crystal_volume>暗物质采集空间</guanJianDes_broken_crystal_volume>
    <guanJianDes_crystal_collect>金晶矿采集速度</guanJianDes_crystal_collect>
    <guanJianDes_crystal_volume>金晶矿采集空间</guanJianDes_crystal_volume>
    <guanJianDes_endurance>增加耐久</guanJianDes_endurance>
    <guanJianDes_energy_supply>提供能量</guanJianDes_energy_supply>
    <guanJianDes_explode_area>爆炸范围</guanJianDes_explode_area>
    <guanJianDes_repair_speed>提供修理</guanJianDes_repair_speed>
    <guanJianDes_shield>能量护盾</guanJianDes_shield>
    <guanJianDes_speed>推进力</guanJianDes_speed>
    <guanJianDes_age_level>类型</guanJianDes_age_level>
    <guanJianDes_slot_type>挂件类型</guanJianDes_slot_type>
    <zhanJheDes_slot_type>战车类型</zhanJheDes_slot_type>


    <guanJianShiDan>实弹伤害</guanJianShiDan>
    <guanJianJiguang>激光伤害</guanJianJiguang>
    <guanJianDianCi>电磁伤害</guanJianDianCi>
    <guanJianAnNeng>暗能伤害</guanJianAnNeng>

    <GuaJianTypeBig>大型挂件</GuaJianTypeBig>
    <GuaJianTypeMid>中型挂件</GuaJianTypeMid>
    <GuaJianTypeSmall>小型挂件</GuaJianTypeSmall>

	
	
	<!--———————————————————————时间机器 ——————————————————————-->
	<totalEvent>使用时间机器完成全部任务需花费</totalEvent>
	<thisEvent>使用时间机器完成本任务需花费</thisEvent>
	
	<!--———————————————————————军团 ——————————————————————-->
	<foundGroup>是否创建军团</foundGroup>
	<chenggong>加入成功</chenggong>
	<jiaruchenggong>你已成功加入该军团</jiaruchenggong>
	<tuichu>退出军团</tuichu>
	<tuichujuntuan>确认退出军团吗？</tuichujuntuan>
	<dengdai>等待审核</dengdai>
	<dengdaishenhe>该军团需要审核，请等待审核</dengdaishenhe>
	<gonggao>这家伙很懒什么也没留下</gonggao>
	<juanxian>捐献成功</juanxian>
	<juanxianchenggong>捐献暗物质成功!</juanxianchenggong>
	<tuichuchenggong>退出军团成功</tuichuchenggong>
	<jiesan>解散军团</jiesan>
	<jiesanjuntuan>确认解散军团吗？</jiesanjuntuan>
	<jiesanchenggong>解散军团成功！</jiesanchenggong>
	<jiesanchenggong>解散军团成功！</jiesanchenggong>
	<desc>这家伙很懒，什么也没留下</desc>
	<lingqu>领取成功</lingqu>
	<lingquNum>此次领取军团战舰</lingquNum>
	<NOT_ALLOWED_TO_GET_WARSHIP>军团禁止领取战舰！</NOT_ALLOWED_TO_GET_WARSHIP>

	<bunengtichu>军团长不能踢除自己！</bunengtichu>
	<bunengjiangji>军团长不能降级，请先让出军团！</bunengjiangji>

	<armyGroupTitle>警告</armyGroupTitle>
	<armyGroupInfor>自己不能给自己发邮件！</armyGroupInfor>
	<notZhanChe>玩家没有战车，需要先制造或购买战车</notZhanChe>

	<!--———————————————————————军团战 ——————————————————————-->
	<wuziyuan>此星球无资源</wuziyuan>
	<wurenzhanling>此星球无人占领</wurenzhanling>
	<NO_WARSHIP_ON_PLANET>舰队不足</NO_WARSHIP_ON_PLANET>
	<tishi>我军</tishi>
	<tishi1>架战机对</tishi1>
	<tishi2>行星发起了攻击，击毁敌机</tishi2>
	<tishi3>架！我军损失战机</tishi3>
	<tishi4>架！</tishi4>
	<tishi5>成功占领该行星！</tishi5>
	<naijiuweiling>战车已经损毁，无法进入战场</naijiuweiling>
	
	
	<!--———————————————————————军工厂 ——————————————————————-->
	<huishou>战车回收</huishou>
	<zhanchehuishou>将会回收战车以及战车上所有装载的挂件，你确定吗？</zhanchehuishou>
	<nengliangtishi>重要提示</nengliangtishi>
	<nengliangmax>消耗能量超过能量上限，战车将不可用</nengliangmax>
	
	<!--———————————————————————聊天 ——————————————————————-->
	<CC_ERROR_INVALID_CHECKSUM>无效的校验</CC_ERROR_INVALID_CHECKSUM>
	<CC_ERROR_INVALID_DIGIEST>无效的数据</CC_ERROR_INVALID_DIGIEST>
	<titleInChat>重要提示</titleInChat>
	<inforInChat>您暂未加入军团，请加入后再试！</inforInChat>
	<canNotCharTips>发送消息太快，请稍后再试</canNotCharTips>
	<titleInChatNoPrivateChatName>重要提示</titleInChatNoPrivateChatName>
	<inforInChatNoPrivateChatName>请在聊天框或好友列表中选择私聊对象！</inforInChatNoPrivateChatName>
	<titleInChatNoChatInfor>重要提示</titleInChatNoChatInfor>
	<inforInChatNoChatInfor>请输入聊天内容！</inforInChatNoChatInfor>
	
	<!--———————————————————————邮件 ——————————————————————-->
	<titleInEmail>警告</titleInEmail>
	<titleTextNull>邮件标题不能为空！</titleTextNull>
	<senderLabelNull>发件人名字不能为空！</senderLabelNull>
	<receiverLabelNull>收件人名字不能为空！</receiverLabelNull>
	<contentTxtNull>邮件内容不能为空！</contentTxtNull>
	<successSendEmailTitle>发送成功！</successSendEmailTitle>
	<successSendEmailInfor>邮件发送成功！</successSendEmailInfor>
	<scienceLevelTitle>警告</scienceLevelTitle>
	<scienceLevelInfor>传送附件需要星域通讯科技达到10级！</scienceLevelInfor>
	<sourceNotEnoughTitle>警告</sourceNotEnoughTitle>
    <crystalSourceNotEnough>水晶不足！</crystalSourceNotEnough>
    <tritiumSourceNotEnough>氢氚不足！</tritiumSourceNotEnough>
    <brokenCrystalSourceNotEnough>暗物质不足！</brokenCrystalSourceNotEnough>
    <showBagTitle>提示</showBagTitle>
    <showBagInfor>VIP道具不能邮寄给别人！</showBagInfor>
    <!--———————————————————————好友和敌人列表 ——————————————————————-->
    <makeFriendTitle>重要提示</makeFriendTitle>
    <makeFriendInfor>添加好友成功！</makeFriendInfor>
    <removeFriendTitle>重要提示</removeFriendTitle>
    <removeFriendInfor>成功移除该好友！</removeFriendInfor>
	<!--———————————————————————战场 ——————————————————————-->
	<enterBattleTitle>重要提示</enterBattleTitle>
	<enterBattleInfor>请选择一辆战车！</enterBattleInfor>
	<wei_Xiu_Wan_Cheng_Title>重要提示</wei_Xiu_Wan_Cheng_Title>
	<wei_Xiu_Wan_Cheng_Title_Infor>战车已修复，快快进入战斗吧！</wei_Xiu_Wan_Cheng_Title_Infor>
	<notEnoughSourceTitle>重要提示</notEnoughSourceTitle>
	<notEnoughSourceInfor>暗物质不足,请进行兑换！</notEnoughSourceInfor>
	<battleJiDi>要塞中心</battleJiDi>
	<battleCaiKuang>采矿厂</battleCaiKuang>
	<battleJiXiePaoTa>加农炮塔</battleJiXiePaoTa>
	<battleJiGuangPaoTa>激光炮塔</battleJiGuangPaoTa>
	<battleDianCiPaoTa>电磁炮塔</battleDianCiPaoTa>
	<battleAnNengPaoTa>暗能炮塔</battleAnNengPaoTa>
	<battleTiShi1>时间快要结束，请抓紧时间</battleTiShi1>
	
	<battleCaiChu>拆除</battleCaiChu>
	<battleXingXi>信息</battleXingXi>
	<battleJiXiePaoTaInfo>机械炮塔</battleJiXiePaoTaInfo>
	<battleJiXieDescrip>加农炮塔是以实弹做为主要攻击手段的初级防御性炮塔。用于小行星要塞防御，修建不需要花费资源，防御、攻击性能随基地时代等级的提升而加强。</battleJiXieDescrip>
	<battleJiGuangPaoTaInfo>激光炮塔</battleJiGuangPaoTaInfo>
	<battleJiGuangDescrip>激光炮塔是以激光做为主要攻击手段的中级防御性炮塔。用于小行星要塞防御，修建需要花费少量资源，防御、攻击性能随基地时代等级的提升而加强。</battleJiGuangDescrip>
	<battleDianCiPaoTaInfo>电磁炮塔</battleDianCiPaoTaInfo>
	<battleDianCiDescrip>电磁炮塔是以电磁做为主要攻击手段的高级防御性炮塔。用于小行星要塞防御，修建需要花费一定资源，防御、攻击性能随基地时代等级的提升而加强。</battleDianCiDescrip>
	<battleAnNengPaoTaInfo>暗能炮塔</battleAnNengPaoTaInfo>
	<battleAnNengDescrip>暗能炮塔是以暗能做为主要攻击手段的特级防御性炮塔。用于小行星要塞防御，修建需要花费较多资源，防御、攻击性能随基地时代等级的提升而加强。</battleAnNengDescrip>
	
	<noNumber>[无]</noNumber>
	<yaoSaiBelong>[您获得了该要塞的归属权]</yaoSaiBelong>
</root>
