<?xml version="1.0" encoding="UTF-8"?>
<root><point><mapID>1</mapID><x>1517</x><y>424</y></point><point><mapID>1</mapID><x>1631</x><y>718</y></point><point><mapID>1</mapID><x>1278</x><y>874</y></point><point><mapID>1</mapID><x>1008</x><y>832</y></point><point><mapID>1</mapID><x>1871</x><y>982</y></point><point><mapID>1</mapID><x>1745</x><y>1246</y></point><point><mapID>1</mapID><x>1427</x><y>1174</y></point><point><mapID>1</mapID><x>1122</x><y>1318</y></point><point><mapID>1</mapID><x>727</x><y>1174</y></point><point><mapID>1</mapID><x>595</x><y>766</y></point><point><mapID>1</mapID><x>379</x><y>454</y></point><point><mapID>1</mapID><x>595</x><y>448</y></point><point><mapID>1</mapID><x>1122</x><y>1702</y></point><point><mapID>1</mapID><x>1350</x><y>1978</y></point><point><mapID>1</mapID><x>1685</x><y>2026</y></point><point><mapID>1</mapID><x>1499</x><y>2260</y></point><point><mapID>1</mapID><x>1745</x><y>2500</y></point><point><mapID>1</mapID><x>1697</x><y>2674</y></point><point><mapID>1</mapID><x>1182</x><y>1072</y></point><point><mapID>1</mapID><x>1954</x><y>1162</y></point><point><mapID>1</mapID><x>1415</x><y>1474</y></point><point><mapID>1</mapID><x>499</x><y>1090</y></point><point><mapID>1</mapID><x>434</x><y>1288</y></point><point><mapID>1</mapID><x>1415</x><y>2560</y></point><point><mapID>2</mapID><x>1427</x><y>413</y></point><point><mapID>2</mapID><x>1541</x><y>707</y></point><point><mapID>2</mapID><x>1260</x><y>861</y></point><point><mapID>2</mapID><x>919</x><y>820</y></point><point><mapID>2</mapID><x>1719</x><y>996</y></point><point><mapID>2</mapID><x>1651</x><y>1228</y></point><point><mapID>2</mapID><x>1360</x><y>1150</y></point><point><mapID>2</mapID><x>1265</x><y>1310</y></point><point><mapID>2</mapID><x>631</x><y>1168</y></point><point><mapID>2</mapID><x>3203</x><y>532</y></point><point><mapID>2</mapID><x>2975</x><y>438</y></point><point><mapID>2</mapID><x>3349</x><y>320</y></point><point><mapID>2</mapID><x>2065</x><y>798</y></point><point><mapID>2</mapID><x>2757</x><y>910</y></point><point><mapID>2</mapID><x>2589</x><y>1180</y></point><point><mapID>2</mapID><x>2911</x><y>1194</y></point><point><mapID>2</mapID><x>2639</x><y>430</y></point><point><mapID>2</mapID><x>2597</x><y>598</y></point><point><mapID>2</mapID><x>1127</x><y>1056</y></point><point><mapID>2</mapID><x>2121</x><y>1074</y></point><point><mapID>2</mapID><x>2333</x><y>810</y></point><point><mapID>2</mapID><x>409</x><y>1090</y></point><point><mapID>2</mapID><x>341</x><y>1284</y></point></root>
