<?xml version="1.0" encoding="UTF-8"?>
<root><point><mapID>1</mapID><x>1424</x><y>504</y></point><point><mapID>1</mapID><x>1228</x><y>654</y></point><point><mapID>1</mapID><x>1549</x><y>579</y></point><point><mapID>1</mapID><x>1660</x><y>729</y></point><point><mapID>1</mapID><x>1699</x><y>930</y></point><point><mapID>1</mapID><x>1574</x><y>1080</y></point><point><mapID>1</mapID><x>1378</x><y>1053</y></point><point><mapID>1</mapID><x>1303</x><y>1203</y></point><point><mapID>1</mapID><x>1121</x><y>804</y></point><point><mapID>1</mapID><x>1121</x><y>1005</y></point><point><mapID>1</mapID><x>904</x><y>699</y></point><point><mapID>1</mapID><x>829</x><y>1389</y></point><point><mapID>1</mapID><x>1046</x><y>1278</y></point><point><mapID>1</mapID><x>829</x><y>1128</y></point><point><mapID>1</mapID><x>1005</x><y>1662</y></point><point><mapID>1</mapID><x>1170</x><y>1887</y></point><point><mapID>1</mapID><x>541</x><y>1053</y></point><point><mapID>1</mapID><x>325</x><y>945</y></point><point><mapID>1</mapID><x>292</x><y>1155</y></point><point><mapID>1</mapID><x>442</x><y>729</y></point><point><mapID>1</mapID><x>691</x><y>579</y></point><point><mapID>1</mapID><x>930</x><y>1887</y></point><point><mapID>1</mapID><x>1278</x><y>1587</y></point><point><mapID>1</mapID><x>1324</x><y>254</y></point><point><mapID>2</mapID><x>1274</x><y>1869</y></point><point><mapID>2</mapID><x>504</x><y>2207</y></point><point><mapID>2</mapID><x>829</x><y>2500</y></point><point><mapID>2</mapID><x>829</x><y>1158</y></point><point><mapID>2</mapID><x>1271</x><y>1605</y></point><point><mapID>2</mapID><x>854</x><y>1755</y></point><point><mapID>2</mapID><x>862</x><y>2091</y></point><point><mapID>2</mapID><x>1499</x><y>1719</y></point><point><mapID>2</mapID><x>654</x><y>1944</y></point><point><mapID>2</mapID><x>1079</x><y>1794</y></point><point><mapID>2</mapID><x>1129</x><y>807</y></point><point><mapID>2</mapID><x>1121</x><y>2207</y></point><point><mapID>2</mapID><x>1342</x><y>2091</y></point><point><mapID>2</mapID><x>829</x><y>1407</y></point><point><mapID>2</mapID><x>1271</x><y>2437</y></point><point><mapID>2</mapID><x>1492</x><y>2241</y></point><point><mapID>2</mapID><x>1303</x><y>1257</y></point><point><mapID>2</mapID><x>1204</x><y>1008</y></point><point><mapID>2</mapID><x>1054</x><y>1233</y></point><point><mapID>2</mapID><x>579</x><y>1083</y></point><point><mapID>2</mapID><x>504</x><y>1755</y></point><point><mapID>2</mapID><x>1010</x><y>2555</y></point><point><mapID>2</mapID><x>1521</x><y>2019</y></point><point><mapID>2</mapID><x>1004</x><y>1557</y></point><point><mapID>3</mapID><x>2959</x><y>621</y></point><point><mapID>3</mapID><x>2925</x><y>399</y></point><point><mapID>3</mapID><x>2649</x><y>648</y></point><point><mapID>3</mapID><x>2884</x><y>60</y></point><point><mapID>3</mapID><x>2649</x><y>317</y></point><point><mapID>3</mapID><x>2380</x><y>217</y></point><point><mapID>3</mapID><x>2455</x><y>1035</y></point><point><mapID>3</mapID><x>2259</x><y>467</y></point><point><mapID>3</mapID><x>2155</x><y>771</y></point><point><mapID>3</mapID><x>1966</x><y>987</y></point><point><mapID>3</mapID><x>1966</x><y>573</y></point><point><mapID>3</mapID><x>2159</x><y>210</y></point><point><mapID>3</mapID><x>1642</x><y>960</y></point><point><mapID>3</mapID><x>1433</x><y>531</y></point><point><mapID>3</mapID><x>1750</x><y>549</y></point><point><mapID>3</mapID><x>1317</x><y>696</y></point><point><mapID>3</mapID><x>2809</x><y>1062</y></point><point><mapID>3</mapID><x>1642</x><y>723</y></point><point><mapID>3</mapID><x>1900</x><y>771</y></point><point><mapID>3</mapID><x>1316</x><y>274</y></point><point><mapID>3</mapID><x>1492</x><y>1104</y></point><point><mapID>3</mapID><x>2605</x><y>846</y></point><point><mapID>3</mapID><x>2230</x><y>1104</y></point><point><mapID>3</mapID><x>3000</x><y>1110</y></point><point><mapID>4</mapID><x>3529</x><y>456</y></point><point><mapID>4</mapID><x>2884</x><y>263</y></point><point><mapID>4</mapID><x>3196</x><y>873</y></point><point><mapID>4</mapID><x>2884</x><y>60</y></point><point><mapID>4</mapID><x>2978</x><y>439</y></point><point><mapID>4</mapID><x>2380</x><y>217</y></point><point><mapID>4</mapID><x>2651</x><y>439</y></point><point><mapID>4</mapID><x>2257</x><y>573</y></point><point><mapID>4</mapID><x>2283</x><y>771</y></point><point><mapID>4</mapID><x>1964</x><y>1023</y></point><point><mapID>4</mapID><x>2605</x><y>723</y></point><point><mapID>4</mapID><x>2484</x><y>1003</y></point><point><mapID>4</mapID><x>1567</x><y>1062</y></point><point><mapID>4</mapID><x>2155</x><y>339</y></point><point><mapID>4</mapID><x>1750</x><y>549</y></point><point><mapID>4</mapID><x>3311</x><y>423</y></point><point><mapID>4</mapID><x>3379</x><y>624</y></point><point><mapID>4</mapID><x>1995</x><y>606</y></point><point><mapID>4</mapID><x>1845</x><y>798</y></point><point><mapID>4</mapID><x>3505</x><y>248</y></point><point><mapID>4</mapID><x>1514</x><y>606</y></point><point><mapID>4</mapID><x>3004</x><y>1062</y></point><point><mapID>4</mapID><x>2257</x><y>1098</y></point><point><mapID>4</mapID><x>3004</x><y>681</y></point><point><mapID>5</mapID><x>1467</x><y>366</y></point><point><mapID>5</mapID><x>1196</x><y>429</y></point><point><mapID>5</mapID><x>836</x><y>279</y></point><point><mapID>5</mapID><x>1746</x><y>943</y></point><point><mapID>5</mapID><x>1596</x><y>1168</y></point><point><mapID>5</mapID><x>735</x><y>1093</y></point><point><mapID>5</mapID><x>1271</x><y>2530</y></point><point><mapID>5</mapID><x>1596</x><y>1771</y></point><point><mapID>5</mapID><x>1492</x><y>793</y></point><point><mapID>5</mapID><x>1189</x><y>1648</y></point><point><mapID>5</mapID><x>897</x><y>793</y></point><point><mapID>5</mapID><x>1239</x><y>2182</y></point><point><mapID>5</mapID><x>1346</x><y>1885</y></point><point><mapID>5</mapID><x>894</x><y>1771</y></point><point><mapID>5</mapID><x>660</x><y>1372</y></point><point><mapID>5</mapID><x>1296</x><y>1168</y></point><point><mapID>5</mapID><x>609</x><y>1696</y></point><point><mapID>5</mapID><x>1492</x><y>2107</y></point><point><mapID>5</mapID><x>1492</x><y>2380</y></point><point><mapID>5</mapID><x>534</x><y>868</y></point><point><mapID>5</mapID><x>660</x><y>643</y></point><point><mapID>5</mapID><x>1089</x><y>1018</y></point><point><mapID>5</mapID><x>911</x><y>1372</y></point><point><mapID>5</mapID><x>1617</x><y>603</y></point><point><mapID>6</mapID><x>885</x><y>2250</y></point><point><mapID>6</mapID><x>836</x><y>2455</y></point><point><mapID>6</mapID><x>684</x><y>2200</y></point><point><mapID>6</mapID><x>1114</x><y>2413</y></point><point><mapID>6</mapID><x>585</x><y>1372</y></point><point><mapID>6</mapID><x>784</x><y>1168</y></point><point><mapID>6</mapID><x>1421</x><y>2563</y></point><point><mapID>6</mapID><x>1467</x><y>1921</y></point><point><mapID>6</mapID><x>172</x><y>1696</y></point><point><mapID>6</mapID><x>1189</x><y>1648</y></point><point><mapID>6</mapID><x>840</x><y>678</y></point><point><mapID>6</mapID><x>1339</x><y>2225</y></point><point><mapID>6</mapID><x>1189</x><y>1989</y></point><point><mapID>6</mapID><x>897</x><y>1771</y></point><point><mapID>6</mapID><x>559</x><y>1648</y></point><point><mapID>6</mapID><x>1047</x><y>1297</y></point><point><mapID>6</mapID><x>322</x><y>1839</y></point><point><mapID>6</mapID><x>1567</x><y>2225</y></point><point><mapID>6</mapID><x>1746</x><y>2472</y></point><point><mapID>6</mapID><x>634</x><y>828</y></point><point><mapID>6</mapID><x>484</x><y>1093</y></point><point><mapID>6</mapID><x>911</x><y>943</y></point><point><mapID>6</mapID><x>784</x><y>1498</y></point><point><mapID>6</mapID><x>1596</x><y>1723</y></point><point><mapID>7</mapID><x>3519</x><y>384</y></point><point><mapID>7</mapID><x>3248</x><y>447</y></point><point><mapID>7</mapID><x>2888</x><y>297</y></point><point><mapID>7</mapID><x>3519</x><y>1036</y></point><point><mapID>7</mapID><x>2141</x><y>906</y></point><point><mapID>7</mapID><x>2695</x><y>981</y></point><point><mapID>7</mapID><x>2562</x><y>534</y></point><point><mapID>7</mapID><x>2319</x><y>720</y></point><point><mapID>7</mapID><x>3498</x><y>831</y></point><point><mapID>7</mapID><x>1369</x><y>981</y></point><point><mapID>7</mapID><x>2888</x><y>756</y></point><point><mapID>7</mapID><x>1219</x><y>720</y></point><point><mapID>7</mapID><x>1442</x><y>597</y></point><point><mapID>7</mapID><x>1667</x><y>1131</y></point><point><mapID>7</mapID><x>1592</x><y>795</y></point><point><mapID>7</mapID><x>3323</x><y>1163</y></point><point><mapID>7</mapID><x>1181</x><y>459</y></point><point><mapID>7</mapID><x>1919</x><y>1109</y></point><point><mapID>7</mapID><x>1442</x><y>309</y></point><point><mapID>7</mapID><x>1844</x><y>795</y></point><point><mapID>7</mapID><x>2620</x><y>756</y></point><point><mapID>7</mapID><x>3024</x><y>981</y></point><point><mapID>7</mapID><x>995</x><y>609</y></point><point><mapID>7</mapID><x>3575</x><y>570</y></point><point><mapID>8</mapID><x>659</x><y>94</y></point><point><mapID>8</mapID><x>635</x><y>278</y></point><point><mapID>8</mapID><x>2412</x><y>1009</y></point><point><mapID>8</mapID><x>1145</x><y>234</y></point><point><mapID>8</mapID><x>2087</x><y>870</y></point><point><mapID>8</mapID><x>2695</x><y>981</y></point><point><mapID>8</mapID><x>2562</x><y>534</y></point><point><mapID>8</mapID><x>2319</x><y>720</y></point><point><mapID>8</mapID><x>953</x><y>428</y></point><point><mapID>8</mapID><x>1331</x><y>1088</y></point><point><mapID>8</mapID><x>2888</x><y>756</y></point><point><mapID>8</mapID><x>1219</x><y>795</y></point><point><mapID>8</mapID><x>1442</x><y>609</y></point><point><mapID>8</mapID><x>1667</x><y>1131</y></point><point><mapID>8</mapID><x>1568</x><y>859</y></point><point><mapID>8</mapID><x>1682</x><y>335</y></point><point><mapID>8</mapID><x>1181</x><y>534</y></point><point><mapID>8</mapID><x>1871</x><y>1013</y></point><point><mapID>8</mapID><x>1442</x><y>309</y></point><point><mapID>8</mapID><x>1871</x><y>720</y></point><point><mapID>8</mapID><x>2620</x><y>756</y></point><point><mapID>8</mapID><x>3024</x><y>981</y></point><point><mapID>8</mapID><x>953</x><y>906</y></point><point><mapID>8</mapID><x>878</x><y>185</y></point></root>
