<?xml version="1.0" encoding="UTF-8"?>
<root>
	<recipes>
		<name>企业号图纸</name>
		<itemType>1</itemType>
		<category>1</category>
		<enhanced>1</enhanced>
		<type>1</type>
		<des>该图纸为制造机械时代企业号战车的学习图纸，学习该图纸后将可制造企业号战车。</des>
	</recipes>
	<recipes>
		<name>发现号图纸</name>
		<itemType>1</itemType>
		<category>2</category>
		<enhanced>1</enhanced>
		<type>1</type>
		<des>该图纸为制造激光时代发现号战车的学习图纸，学习该图纸后将可制造发现号战车。</des>
	</recipes>
	<recipes>
		<name>勇气号图纸</name>
		<itemType>1</itemType>
		<category>3</category>
		<enhanced>1</enhanced>
		<type>1</type>
		<des>该图纸为制造电磁时代勇气号战车的学习图纸，学习该图纸后将可制造勇气号战车。</des>
	</recipes>
	<recipes>
		<name>奋进号图纸</name>
		<itemType>1</itemType>
		<category>4</category>
		<enhanced>1</enhanced>
		<type>1</type>
		<des>该图纸为制造暗能时代奋进号战车的学习图纸，学习该图纸后将可制造奋进号战车。</des>
	</recipes>
	<recipes>
		<name>思索者号图纸</name>
		<itemType>1</itemType>
		<category>5</category>
		<enhanced>1</enhanced>
		<type>1</type>
		<des>该图纸为制造暗能时代思索者号战车的学习图纸，学习该图纸后将可制造思索者号战车。</des>
	</recipes>
	<recipes>
		<name>引导者号图纸</name>
		<itemType>1</itemType>
		<category>6</category>
		<enhanced>1</enhanced>
		<type>1</type>
		<des>该图纸为制造暗能时代引导者号战车的学习图纸，学习该图纸后将可制造引导者号战车。</des>
	</recipes>
	<recipes>
		<name>先驱者号图纸</name>
		<itemType>1</itemType>
		<category>7</category>
		<enhanced>1</enhanced>
		<type>1</type>
		<des>该图纸为制造暗能时代先驱者号战车的学习图纸，学习该图纸后将可制造先驱者号战车。</des>
	</recipes>
	<recipes>
		<name>探索者号图纸</name>
		<itemType>1</itemType>
		<category>8</category>
		<enhanced>1</enhanced>
		<type>1</type>
		<des>该图纸为制造暗能时代探索者号战车的学习图纸，学习该图纸后将可制造探索者号战车。</des>
	</recipes>
	<recipes>
		<name>挑战者号图纸</name>
		<itemType>1</itemType>
		<category>9</category>
		<enhanced>1</enhanced>
		<type>1</type>
		<des>该图纸为制造暗能时代挑战号战车的学习图纸，学习该图纸后将可制造挑战者号战车。</des>
	</recipes>
	<recipes>
		<name>曙光号图纸</name>
		<itemType>1</itemType>
		<category>10</category>
		<enhanced>1</enhanced>
		<type>1</type>
		<des>该图纸为制造暗能时代曙光号战车的学习图纸，学习该图纸后将可制造曙光号战车。</des>
	</recipes>
	<recipes>
		<name>进化号图纸</name>
		<itemType>1</itemType>
		<category>11</category>
		<enhanced>1</enhanced>
		<type>1</type>
		<des>该图纸为制造暗能时代进化号战车的学习图纸，学习该图纸后将可制造进化号战车。</des>
	</recipes>
	<recipes>
		<name>辉煌号图纸</name>
		<itemType>1</itemType>
		<category>12</category>
		<enhanced>1</enhanced>
		<type>1</type>
		<des>该图纸为制造暗能时代辉煌号战车的学习图纸，学习该图纸后将可制造辉煌号战车。</des>
	</recipes>
	<recipes>
		<name>高级企业号图纸</name>
		<itemType>1</itemType>
		<category>1</category>
		<enhanced>2</enhanced>
		<type>1</type>
		<des>该图纸为制造机械时代高级企业号战车的学习图纸，学习该图纸后将可制造高级企业号战车。</des>
	</recipes>
	<recipes>
		<name>高级发现号图纸</name>
		<itemType>1</itemType>
		<category>2</category>
		<enhanced>2</enhanced>
		<type>1</type>
		<des>该图纸为制造激光时代高级发现号战车的学习图纸，学习该图纸后将可制造高级发现号战车。</des>
	</recipes>
	<recipes>
		<name>高级勇气号图纸</name>
		<itemType>1</itemType>
		<category>3</category>
		<enhanced>2</enhanced>
		<type>1</type>
		<des>该图纸为制造电磁时代高级勇气号战车的学习图纸，学习该图纸后将可制造高级勇气号战车。</des>
	</recipes>
	<recipes>
		<name>高级奋进号图纸</name>
		<itemType>1</itemType>
		<category>4</category>
		<enhanced>2</enhanced>
		<type>1</type>
		<des>该图纸为制造暗能时代高级奋进号战车的学习图纸，学习该图纸后将可制造高级奋进号战车。</des>
	</recipes>
	<recipes>
		<name>高级思索者号图纸</name>
		<itemType>1</itemType>
		<category>5</category>
		<enhanced>2</enhanced>
		<type>1</type>
		<des>该图纸为制造暗能时代高级思索者号战车的学习图纸，学习该图纸后将可制高级造思索者号战车。</des>
	</recipes>
	<recipes>
		<name>高级引导者号图纸</name>
		<itemType>1</itemType>
		<category>6</category>
		<enhanced>2</enhanced>
		<type>1</type>
		<des>该图纸为制造暗能时代高级引导者号战车的学习图纸，学习该图纸后将可制高级造引导者号战车。</des>
	</recipes>
	<recipes>
		<name>高级先驱者号图纸</name>
		<itemType>1</itemType>
		<category>7</category>
		<enhanced>2</enhanced>
		<type>1</type>
		<des>该图纸为制造暗能时代高级先驱者号战车的学习图纸，学习该图纸后将可制高级造先驱者号战车。</des>
	</recipes>
	<recipes>
		<name>高级探索者号图纸</name>
		<itemType>1</itemType>
		<category>8</category>
		<enhanced>2</enhanced>
		<type>1</type>
		<des>该图纸为制造暗能时代高级探索者号战车的学习图纸，学习该图纸后将可制高级造探索者号战车。</des>
	</recipes>
	<recipes>
		<name>高级挑战者号图纸</name>
		<itemType>1</itemType>
		<category>9</category>
		<enhanced>2</enhanced>
		<type>1</type>
		<des>该图纸为制造暗能时代高级挑战号战车的学习图纸，学习该图纸后将可制造高级挑战者号战车。</des>
	</recipes>
	<recipes>
		<name>高级曙光号图纸</name>
		<itemType>1</itemType>
		<category>10</category>
		<enhanced>2</enhanced>
		<type>1</type>
		<des>该图纸为制造暗能时代高级曙光号战车的学习图纸，学习该图纸后将可制造高级曙光号战车。</des>
	</recipes>
	<recipes>
		<name>高级进化号图纸</name>
		<itemType>1</itemType>
		<category>11</category>
		<enhanced>2</enhanced>
		<type>1</type>
		<des>该图纸为制造暗能时代高级进化号战车的学习图纸，学习该图纸后将可制造高级进化号战车。</des>
	</recipes>
	<recipes>
		<name>高级辉煌号图纸</name>
		<itemType>1</itemType>
		<category>12</category>
		<enhanced>2</enhanced>
		<type>1</type>
		<des>该图纸为制造暗能时代高级辉煌号战车的学习图纸，学习该图纸后将可制造高级辉煌号战车。</des>
	</recipes>
	<recipes>
		<name>重型战舰炮1型图纸</name>
		<itemType>2</itemType>
		<category>1</category>
		<enhanced>1</enhanced>
		<type>1</type>
		<des>该图纸为制造机械时代重型战舰炮1型武器挂件的学习图纸，学习该图纸后将可制造重型战舰炮1型武器挂件。</des>
	</recipes>
	<recipes>
		<name>重型战舰炮2型图纸</name>
		<itemType>2</itemType>
		<category>1</category>
		<enhanced>1</enhanced>
		<type>2</type>
		<des>该图纸为制造机械时代重型战舰炮2型武器挂件的学习图纸，学习该图纸后将可制造重型战舰炮2型武器挂件。</des>
	</recipes>
	<recipes>
		<name>重型战舰炮3型图纸</name>
		<itemType>2</itemType>
		<category>1</category>
		<enhanced>1</enhanced>
		<type>3</type>
		<des>该图纸为制造机械时代重型战舰炮3型武器挂件的学习图纸，学习该图纸后将可制造重型战舰炮3型武器挂件。</des>
	</recipes>
	<recipes>
		<name>重型战舰炮4型图纸</name>
		<itemType>2</itemType>
		<category>1</category>
		<enhanced>1</enhanced>
		<type>4</type>
		<des>该图纸为制造机械时代重型战舰炮4型武器挂件的学习图纸，学习该图纸后将可制造重型战舰炮4型武器挂件。</des>
	</recipes>
	<recipes>
		<name>重型战舰炮5型图纸</name>
		<itemType>2</itemType>
		<category>1</category>
		<enhanced>1</enhanced>
		<type>5</type>
		<des>该图纸为制造机械时代重型战舰炮5型武器挂件的学习图纸，学习该图纸后将可制造重型战舰炮5型武器挂件。</des>
	</recipes>
	<recipes>
		<name>重型战舰炮6型图纸</name>
		<itemType>2</itemType>
		<category>1</category>
		<enhanced>1</enhanced>
		<type>6</type>
		<des>该图纸为制造机械时代重型战舰炮6型武器挂件的学习图纸，学习该图纸后将可制造重型战舰炮6型武器挂件。</des>
	</recipes>
	<recipes>
		<name>大型战舰炮1型图纸</name>
		<itemType>2</itemType>
		<category>2</category>
		<enhanced>1</enhanced>
		<type>1</type>
		<des>该图纸为制造机械时代大型战舰炮1型武器挂件的学习图纸，学习该图纸后将可制造大型战舰炮1型武器挂件。</des>
	</recipes>
	<recipes>
		<name>大型战舰炮2型图纸</name>
		<itemType>2</itemType>
		<category>2</category>
		<enhanced>1</enhanced>
		<type>2</type>
		<des>该图纸为制造机械时代大型战舰炮2型武器挂件的学习图纸，学习该图纸后将可制造大型战舰炮2型武器挂件。</des>
	</recipes>
	<recipes>
		<name>大型战舰炮3型图纸</name>
		<itemType>2</itemType>
		<category>2</category>
		<enhanced>1</enhanced>
		<type>3</type>
		<des>该图纸为制造机械时代大型战舰炮3型武器挂件的学习图纸，学习该图纸后将可制造大型战舰炮3型武器挂件。</des>
	</recipes>
	<recipes>
		<name>大型战舰炮4型图纸</name>
		<itemType>2</itemType>
		<category>2</category>
		<enhanced>1</enhanced>
		<type>4</type>
		<des>该图纸为制造机械时代大型战舰炮4型武器挂件的学习图纸，学习该图纸后将可制造大型战舰炮4型武器挂件。</des>
	</recipes>
	<recipes>
		<name>大型战舰炮5型图纸</name>
		<itemType>2</itemType>
		<category>2</category>
		<enhanced>1</enhanced>
		<type>5</type>
		<des>该图纸为制造机械时代大型战舰炮5型武器挂件的学习图纸，学习该图纸后将可制造大型战舰炮5型武器挂件。</des>
	</recipes>
	<recipes>
		<name>大型战舰炮6型图纸</name>
		<itemType>2</itemType>
		<category>2</category>
		<enhanced>1</enhanced>
		<type>6</type>
		<des>该图纸为制造机械时代大型战舰炮6型武器挂件的学习图纸，学习该图纸后将可制造大型战舰炮6型武器挂件。</des>
	</recipes>
	<recipes>
		<name>速射战舰炮1型图纸</name>
		<itemType>2</itemType>
		<category>3</category>
		<enhanced>1</enhanced>
		<type>1</type>
		<des>该图纸为制造机械时代速射战舰炮1型武器挂件的学习图纸，学习该图纸后将可制造速射战舰炮1型武器挂件。</des>
	</recipes>
	<recipes>
		<name>速射战舰炮2型图纸</name>
		<itemType>2</itemType>
		<category>3</category>
		<enhanced>1</enhanced>
		<type>2</type>
		<des>该图纸为制造机械时代速射战舰炮2型武器挂件的学习图纸，学习该图纸后将可制造速射战舰炮2型武器挂件。</des>
	</recipes>
	<recipes>
		<name>速射战舰炮3型图纸</name>
		<itemType>2</itemType>
		<category>3</category>
		<enhanced>1</enhanced>
		<type>3</type>
		<des>该图纸为制造机械时代速射战舰炮3型武器挂件的学习图纸，学习该图纸后将可制造速射战舰炮3型武器挂件。</des>
	</recipes>
	<recipes>
		<name>速射战舰炮4型图纸</name>
		<itemType>2</itemType>
		<category>3</category>
		<enhanced>1</enhanced>
		<type>4</type>
		<des>该图纸为制造机械时代速射战舰炮4型武器挂件的学习图纸，学习该图纸后将可制造速射战舰炮4型武器挂件。</des>
	</recipes>
	<recipes>
		<name>速射战舰炮5型图纸</name>
		<itemType>2</itemType>
		<category>3</category>
		<enhanced>1</enhanced>
		<type>5</type>
		<des>该图纸为制造机械时代速射战舰炮5型武器挂件的学习图纸，学习该图纸后将可制造速射战舰炮5型武器挂件。</des>
	</recipes>
	<recipes>
		<name>速射战舰炮6型图纸</name>
		<itemType>2</itemType>
		<category>3</category>
		<enhanced>1</enhanced>
		<type>6</type>
		<des>该图纸为制造机械时代速射战舰炮6型武器挂件的学习图纸，学习该图纸后将可制造速射战舰炮6型武器挂件。</des>
	</recipes>
	<recipes>
		<name>重型激光炮1型图纸</name>
		<itemType>2</itemType>
		<category>4</category>
		<enhanced>1</enhanced>
		<type>1</type>
		<des>该图纸为制造激光时代重型激光炮1型武器挂件的学习图纸，学习该图纸后将可制造重型激光炮1型武器挂件。</des>
	</recipes>
	<recipes>
		<name>重型激光炮2型图纸</name>
		<itemType>2</itemType>
		<category>4</category>
		<enhanced>1</enhanced>
		<type>2</type>
		<des>该图纸为制造激光时代重型激光炮2型武器挂件的学习图纸，学习该图纸后将可制造重型激光炮2型武器挂件。</des>
	</recipes>
	<recipes>
		<name>重型激光炮3型图纸</name>
		<itemType>2</itemType>
		<category>4</category>
		<enhanced>1</enhanced>
		<type>3</type>
		<des>该图纸为制造激光时代重型激光炮3型武器挂件的学习图纸，学习该图纸后将可制造重型激光炮3型武器挂件。</des>
	</recipes>
	<recipes>
		<name>重型激光炮4型图纸</name>
		<itemType>2</itemType>
		<category>4</category>
		<enhanced>1</enhanced>
		<type>4</type>
		<des>该图纸为制造激光时代重型激光炮4型武器挂件的学习图纸，学习该图纸后将可制造重型激光炮4型武器挂件。</des>
	</recipes>
	<recipes>
		<name>重型激光炮5型图纸</name>
		<itemType>2</itemType>
		<category>4</category>
		<enhanced>1</enhanced>
		<type>5</type>
		<des>该图纸为制造激光时代重型激光炮5型武器挂件的学习图纸，学习该图纸后将可制造重型激光炮5型武器挂件。</des>
	</recipes>
	<recipes>
		<name>重型激光炮6型图纸</name>
		<itemType>2</itemType>
		<category>4</category>
		<enhanced>1</enhanced>
		<type>6</type>
		<des>该图纸为制造激光时代重型激光炮6型武器挂件的学习图纸，学习该图纸后将可制造重型激光炮6型武器挂件。</des>
	</recipes>
	<recipes>
		<name>大型激光炮1型图纸</name>
		<itemType>2</itemType>
		<category>5</category>
		<enhanced>1</enhanced>
		<type>1</type>
		<des>该图纸为制造激光时代大型激光炮1型武器挂件的学习图纸，学习该图纸后将可制造大型激光炮1型武器挂件。</des>
	</recipes>
	<recipes>
		<name>大型激光炮2型图纸</name>
		<itemType>2</itemType>
		<category>5</category>
		<enhanced>1</enhanced>
		<type>2</type>
		<des>该图纸为制造激光时代大型激光炮2型武器挂件的学习图纸，学习该图纸后将可制造大型激光炮2型武器挂件。</des>
	</recipes>
	<recipes>
		<name>大型激光炮3型图纸</name>
		<itemType>2</itemType>
		<category>5</category>
		<enhanced>1</enhanced>
		<type>3</type>
		<des>该图纸为制造激光时代大型激光炮3型武器挂件的学习图纸，学习该图纸后将可制造大型激光炮3型武器挂件。</des>
	</recipes>
	<recipes>
		<name>大型激光炮4型图纸</name>
		<itemType>2</itemType>
		<category>5</category>
		<enhanced>1</enhanced>
		<type>4</type>
		<des>该图纸为制造激光时代大型激光炮4型武器挂件的学习图纸，学习该图纸后将可制造大型激光炮4型武器挂件。</des>
	</recipes>
	<recipes>
		<name>大型激光炮5型图纸</name>
		<itemType>2</itemType>
		<category>5</category>
		<enhanced>1</enhanced>
		<type>5</type>
		<des>该图纸为制造激光时代大型激光炮5型武器挂件的学习图纸，学习该图纸后将可制造大型激光炮5型武器挂件。</des>
	</recipes>
	<recipes>
		<name>大型激光炮6型图纸</name>
		<itemType>2</itemType>
		<category>5</category>
		<enhanced>1</enhanced>
		<type>6</type>
		<des>该图纸为制造激光时代大型激光炮6型武器挂件的学习图纸，学习该图纸后将可制造大型激光炮6型武器挂件。</des>
	</recipes>
	<recipes>
		<name>速射激光炮1型图纸</name>
		<itemType>2</itemType>
		<category>6</category>
		<enhanced>1</enhanced>
		<type>1</type>
		<des>该图纸为制造激光时代速射激光炮1型武器挂件的学习图纸，学习该图纸后将可制造速射激光炮1型武器挂件。</des>
	</recipes>
	<recipes>
		<name>速射激光炮2型图纸</name>
		<itemType>2</itemType>
		<category>6</category>
		<enhanced>1</enhanced>
		<type>2</type>
		<des>该图纸为制造激光时代速射激光炮2型武器挂件的学习图纸，学习该图纸后将可制造速射激光炮2型武器挂件。</des>
	</recipes>
	<recipes>
		<name>速射激光炮3型图纸</name>
		<itemType>2</itemType>
		<category>6</category>
		<enhanced>1</enhanced>
		<type>3</type>
		<des>该图纸为制造激光时代速射激光炮3型武器挂件的学习图纸，学习该图纸后将可制造速射激光炮3型武器挂件。</des>
	</recipes>
	<recipes>
		<name>速射激光炮4型图纸</name>
		<itemType>2</itemType>
		<category>6</category>
		<enhanced>1</enhanced>
		<type>4</type>
		<des>该图纸为制造激光时代速射激光炮4型武器挂件的学习图纸，学习该图纸后将可制造速射激光炮4型武器挂件。</des>
	</recipes>
	<recipes>
		<name>速射激光炮5型图纸</name>
		<itemType>2</itemType>
		<category>6</category>
		<enhanced>1</enhanced>
		<type>5</type>
		<des>该图纸为制造激光时代速射激光炮5型武器挂件的学习图纸，学习该图纸后将可制造速射激光炮5型武器挂件。</des>
	</recipes>
	<recipes>
		<name>速射激光炮6型图纸</name>
		<itemType>2</itemType>
		<category>6</category>
		<enhanced>1</enhanced>
		<type>6</type>
		<des>该图纸为制造激光时代速射激光炮6型武器挂件的学习图纸，学习该图纸后将可制造速射激光炮6型武器挂件。</des>
	</recipes>
	<recipes>
		<name>重型电磁炮1型图纸</name>
		<itemType>2</itemType>
		<category>7</category>
		<enhanced>1</enhanced>
		<type>1</type>
		<des>该图纸为制造电磁时代重型电磁炮1型武器挂件的学习图纸，学习该图纸后将可制造重型电磁炮1型武器挂件。</des>
	</recipes>
	<recipes>
		<name>重型电磁炮2型图纸</name>
		<itemType>2</itemType>
		<category>7</category>
		<enhanced>1</enhanced>
		<type>2</type>
		<des>该图纸为制造电磁时代重型电磁炮2型武器挂件的学习图纸，学习该图纸后将可制造重型电磁炮2型武器挂件。</des>
	</recipes>
	<recipes>
		<name>重型电磁炮3型图纸</name>
		<itemType>2</itemType>
		<category>7</category>
		<enhanced>1</enhanced>
		<type>3</type>
		<des>该图纸为制造电磁时代重型电磁炮3型武器挂件的学习图纸，学习该图纸后将可制造重型电磁炮3型武器挂件。</des>
	</recipes>
	<recipes>
		<name>重型电磁炮4型图纸</name>
		<itemType>2</itemType>
		<category>7</category>
		<enhanced>1</enhanced>
		<type>4</type>
		<des>该图纸为制造电磁时代重型电磁炮4型武器挂件的学习图纸，学习该图纸后将可制造重型电磁炮4型武器挂件。</des>
	</recipes>
	<recipes>
		<name>重型电磁炮5型图纸</name>
		<itemType>2</itemType>
		<category>7</category>
		<enhanced>1</enhanced>
		<type>5</type>
		<des>该图纸为制造电磁时代重型电磁炮5型武器挂件的学习图纸，学习该图纸后将可制造重型电磁炮5型武器挂件。</des>
	</recipes>
	<recipes>
		<name>重型电磁炮6型图纸</name>
		<itemType>2</itemType>
		<category>7</category>
		<enhanced>1</enhanced>
		<type>6</type>
		<des>该图纸为制造电磁时代重型电磁炮6型武器挂件的学习图纸，学习该图纸后将可制造重型电磁炮6型武器挂件。</des>
	</recipes>
	<recipes>
		<name>大型电磁炮1型图纸</name>
		<itemType>2</itemType>
		<category>8</category>
		<enhanced>1</enhanced>
		<type>1</type>
		<des>该图纸为制造电磁时代大型电磁炮1型武器挂件的学习图纸，学习该图纸后将可制造大型电磁炮1型武器挂件。</des>
	</recipes>
	<recipes>
		<name>大型电磁炮2型图纸</name>
		<itemType>2</itemType>
		<category>8</category>
		<enhanced>1</enhanced>
		<type>2</type>
		<des>该图纸为制造电磁时代大型电磁炮2型武器挂件的学习图纸，学习该图纸后将可制造大型电磁炮2型武器挂件。</des>
	</recipes>
	<recipes>
		<name>大型电磁炮3型图纸</name>
		<itemType>2</itemType>
		<category>8</category>
		<enhanced>1</enhanced>
		<type>3</type>
		<des>该图纸为制造电磁时代大型电磁炮3型武器挂件的学习图纸，学习该图纸后将可制造大型电磁炮3型武器挂件。</des>
	</recipes>
	<recipes>
		<name>大型电磁炮4型图纸</name>
		<itemType>2</itemType>
		<category>8</category>
		<enhanced>1</enhanced>
		<type>4</type>
		<des>该图纸为制造电磁时代大型电磁炮4型武器挂件的学习图纸，学习该图纸后将可制造大型电磁炮4型武器挂件。</des>
	</recipes>
	<recipes>
		<name>大型电磁炮5型图纸</name>
		<itemType>2</itemType>
		<category>8</category>
		<enhanced>1</enhanced>
		<type>5</type>
		<des>该图纸为制造电磁时代大型电磁炮5型武器挂件的学习图纸，学习该图纸后将可制造大型电磁炮5型武器挂件。</des>
	</recipes>
	<recipes>
		<name>大型电磁炮6型图纸</name>
		<itemType>2</itemType>
		<category>8</category>
		<enhanced>1</enhanced>
		<type>6</type>
		<des>该图纸为制造电磁时代大型电磁炮6型武器挂件的学习图纸，学习该图纸后将可制造大型电磁炮6型武器挂件。</des>
	</recipes>
	<recipes>
		<name>速射电磁炮1型图纸</name>
		<itemType>2</itemType>
		<category>9</category>
		<enhanced>1</enhanced>
		<type>1</type>
		<des>该图纸为制造电磁时代速射电磁炮1型武器挂件的学习图纸，学习该图纸后将可制造速射电磁炮1型武器挂件。</des>
	</recipes>
	<recipes>
		<name>速射电磁炮2型图纸</name>
		<itemType>2</itemType>
		<category>9</category>
		<enhanced>1</enhanced>
		<type>2</type>
		<des>该图纸为制造电磁时代速射电磁炮2型武器挂件的学习图纸，学习该图纸后将可制造速射电磁炮2型武器挂件。</des>
	</recipes>
	<recipes>
		<name>速射电磁炮3型图纸</name>
		<itemType>2</itemType>
		<category>9</category>
		<enhanced>1</enhanced>
		<type>3</type>
		<des>该图纸为制造电磁时代速射电磁炮3型武器挂件的学习图纸，学习该图纸后将可制造速射电磁炮3型武器挂件。</des>
	</recipes>
	<recipes>
		<name>速射电磁炮4型图纸</name>
		<itemType>2</itemType>
		<category>9</category>
		<enhanced>1</enhanced>
		<type>4</type>
		<des>该图纸为制造电磁时代速射电磁炮4型武器挂件的学习图纸，学习该图纸后将可制造速射电磁炮4型武器挂件。</des>
	</recipes>
	<recipes>
		<name>速射电磁炮5型图纸</name>
		<itemType>2</itemType>
		<category>9</category>
		<enhanced>1</enhanced>
		<type>5</type>
		<des>该图纸为制造电磁时代速射电磁炮5型武器挂件的学习图纸，学习该图纸后将可制造速射电磁炮5型武器挂件。</des>
	</recipes>
	<recipes>
		<name>速射电磁炮6型图纸</name>
		<itemType>2</itemType>
		<category>9</category>
		<enhanced>1</enhanced>
		<type>6</type>
		<des>该图纸为制造电磁时代速射电磁炮6型武器挂件的学习图纸，学习该图纸后将可制造速射电磁炮6型武器挂件。</des>
	</recipes>
	<recipes>
		<name>重型暗能炮1型图纸</name>
		<itemType>2</itemType>
		<category>10</category>
		<enhanced>1</enhanced>
		<type>1</type>
		<des>该图纸为制造暗能时代重型暗能炮1型武器挂件的学习图纸，学习该图纸后将可制造重型暗能炮1型武器挂件。</des>
	</recipes>
	<recipes>
		<name>重型暗能炮2型图纸</name>
		<itemType>2</itemType>
		<category>10</category>
		<enhanced>1</enhanced>
		<type>2</type>
		<des>该图纸为制造暗能时代重型暗能炮2型武器挂件的学习图纸，学习该图纸后将可制造重型暗能炮2型武器挂件。</des>
	</recipes>
	<recipes>
		<name>重型暗能炮3型图纸</name>
		<itemType>2</itemType>
		<category>10</category>
		<enhanced>1</enhanced>
		<type>3</type>
		<des>该图纸为制造暗能时代重型暗能炮3型武器挂件的学习图纸，学习该图纸后将可制造重型暗能炮3型武器挂件。</des>
	</recipes>
	<recipes>
		<name>重型暗能炮4型图纸</name>
		<itemType>2</itemType>
		<category>10</category>
		<enhanced>1</enhanced>
		<type>4</type>
		<des>该图纸为制造暗能时代重型暗能炮4型武器挂件的学习图纸，学习该图纸后将可制造重型暗能炮4型武器挂件。</des>
	</recipes>
	<recipes>
		<name>重型暗能炮5型图纸</name>
		<itemType>2</itemType>
		<category>10</category>
		<enhanced>1</enhanced>
		<type>5</type>
		<des>该图纸为制造暗能时代重型暗能炮5型武器挂件的学习图纸，学习该图纸后将可制造重型暗能炮5型武器挂件。</des>
	</recipes>
	<recipes>
		<name>重型暗能炮6型图纸</name>
		<itemType>2</itemType>
		<category>10</category>
		<enhanced>1</enhanced>
		<type>6</type>
		<des>该图纸为制造暗能时代重型暗能炮6型武器挂件的学习图纸，学习该图纸后将可制造重型暗能炮6型武器挂件。</des>
	</recipes>
	<recipes>
		<name>大型暗能炮1型图纸</name>
		<itemType>2</itemType>
		<category>11</category>
		<enhanced>1</enhanced>
		<type>1</type>
		<des>该图纸为制造暗能时代大型暗能炮1型武器挂件的学习图纸，学习该图纸后将可制造大型暗能炮1型武器挂件。</des>
	</recipes>
	<recipes>
		<name>大型暗能炮2型图纸</name>
		<itemType>2</itemType>
		<category>11</category>
		<enhanced>1</enhanced>
		<type>2</type>
		<des>该图纸为制造暗能时代大型暗能炮2型武器挂件的学习图纸，学习该图纸后将可制造大型暗能炮2型武器挂件。</des>
	</recipes>
	<recipes>
		<name>大型暗能炮3型图纸</name>
		<itemType>2</itemType>
		<category>11</category>
		<enhanced>1</enhanced>
		<type>3</type>
		<des>该图纸为制造暗能时代大型暗能炮3型武器挂件的学习图纸，学习该图纸后将可制造大型暗能炮3型武器挂件。</des>
	</recipes>
	<recipes>
		<name>大型暗能炮4型图纸</name>
		<itemType>2</itemType>
		<category>11</category>
		<enhanced>1</enhanced>
		<type>4</type>
		<des>该图纸为制造暗能时代大型暗能炮4型武器挂件的学习图纸，学习该图纸后将可制造大型暗能炮4型武器挂件。</des>
	</recipes>
	<recipes>
		<name>大型暗能炮5型图纸</name>
		<itemType>2</itemType>
		<category>11</category>
		<enhanced>1</enhanced>
		<type>5</type>
		<des>该图纸为制造暗能时代大型暗能炮5型武器挂件的学习图纸，学习该图纸后将可制造大型暗能炮5型武器挂件。</des>
	</recipes>
	<recipes>
		<name>大型暗能炮6型图纸</name>
		<itemType>2</itemType>
		<category>11</category>
		<enhanced>1</enhanced>
		<type>6</type>
		<des>该图纸为制造暗能时代大型暗能炮6型武器挂件的学习图纸，学习该图纸后将可制造大型暗能炮6型武器挂件。</des>
	</recipes>
	<recipes>
		<name>速射暗能炮1型图纸</name>
		<itemType>2</itemType>
		<category>12</category>
		<enhanced>1</enhanced>
		<type>1</type>
		<des>该图纸为制造暗能时代速射暗能炮1型武器挂件的学习图纸，学习该图纸后将可制造速射暗能炮1型武器挂件。</des>
	</recipes>
	<recipes>
		<name>速射暗能炮2型图纸</name>
		<itemType>2</itemType>
		<category>12</category>
		<enhanced>1</enhanced>
		<type>2</type>
		<des>该图纸为制造暗能时代速射暗能炮2型武器挂件的学习图纸，学习该图纸后将可制造速射暗能炮2型武器挂件。</des>
	</recipes>
	<recipes>
		<name>速射暗能炮3型图纸</name>
		<itemType>2</itemType>
		<category>12</category>
		<enhanced>1</enhanced>
		<type>3</type>
		<des>该图纸为制造暗能时代速射暗能炮3型武器挂件的学习图纸，学习该图纸后将可制造速射暗能炮3型武器挂件。</des>
	</recipes>
	<recipes>
		<name>速射暗能炮4型图纸</name>
		<itemType>2</itemType>
		<category>12</category>
		<enhanced>1</enhanced>
		<type>4</type>
		<des>该图纸为制造暗能时代速射暗能炮4型武器挂件的学习图纸，学习该图纸后将可制造速射暗能炮4型武器挂件。</des>
	</recipes>
	<recipes>
		<name>速射暗能炮5型图纸</name>
		<itemType>2</itemType>
		<category>12</category>
		<enhanced>1</enhanced>
		<type>5</type>
		<des>该图纸为制造暗能时代速射暗能炮5型武器挂件的学习图纸，学习该图纸后将可制造速射暗能炮5型武器挂件。</des>
	</recipes>
	<recipes>
		<name>速射暗能炮6型图纸</name>
		<itemType>2</itemType>
		<category>12</category>
		<enhanced>1</enhanced>
		<type>6</type>
		<des>该图纸为制造暗能时代速射暗能炮6型武器挂件的学习图纸，学习该图纸后将可制造速射暗能炮6型武器挂件。</des>
	</recipes>
	<recipes>
		<name>复合装甲1型图纸</name>
		<itemType>2</itemType>
		<category>13</category>
		<enhanced>1</enhanced>
		<type>1</type>
		<des>该图纸为制造机械时代复合装甲1型护甲挂件的学习图纸，学习该图纸后将可制造复合装甲1型护甲挂件。</des>
	</recipes>
	<recipes>
		<name>复合装甲2型图纸</name>
		<itemType>2</itemType>
		<category>13</category>
		<enhanced>1</enhanced>
		<type>2</type>
		<des>该图纸为制造机械时代复合装甲2型护甲挂件的学习图纸，学习该图纸后将可制造复合装甲2型护甲挂件。</des>
	</recipes>
	<recipes>
		<name>复合装甲3型图纸</name>
		<itemType>2</itemType>
		<category>13</category>
		<enhanced>1</enhanced>
		<type>3</type>
		<des>该图纸为制造机械时代复合装甲3型护甲挂件的学习图纸，学习该图纸后将可制造复合装甲3型护甲挂件。</des>
	</recipes>
	<recipes>
		<name>复合装甲4型图纸</name>
		<itemType>2</itemType>
		<category>13</category>
		<enhanced>1</enhanced>
		<type>4</type>
		<des>该图纸为制造机械时代复合装甲4型护甲挂件的学习图纸，学习该图纸后将可制造复合装甲4型护甲挂件。</des>
	</recipes>
	<recipes>
		<name>复合装甲5型图纸</name>
		<itemType>2</itemType>
		<category>13</category>
		<enhanced>1</enhanced>
		<type>5</type>
		<des>该图纸为制造机械时代复合装甲5型护甲挂件的学习图纸，学习该图纸后将可制造复合装甲5型护甲挂件。</des>
	</recipes>
	<recipes>
		<name>复合装甲6型图纸</name>
		<itemType>2</itemType>
		<category>13</category>
		<enhanced>1</enhanced>
		<type>6</type>
		<des>该图纸为制造机械时代复合装甲6型护甲挂件的学习图纸，学习该图纸后将可制造复合装甲6型护甲挂件。</des>
	</recipes>
	<recipes>
		<name>反应装甲1型图纸</name>
		<itemType>2</itemType>
		<category>14</category>
		<enhanced>1</enhanced>
		<type>1</type>
		<des>该图纸为制造机械时代反应装甲1型护甲挂件的学习图纸，学习该图纸后将可制造反应装甲1型护甲挂件。</des>
	</recipes>
	<recipes>
		<name>反应装甲2型图纸</name>
		<itemType>2</itemType>
		<category>14</category>
		<enhanced>1</enhanced>
		<type>2</type>
		<des>该图纸为制造机械时代反应装甲2型护甲挂件的学习图纸，学习该图纸后将可制造反应装甲2型护甲挂件。</des>
	</recipes>
	<recipes>
		<name>反应装甲3型图纸</name>
		<itemType>2</itemType>
		<category>14</category>
		<enhanced>1</enhanced>
		<type>3</type>
		<des>该图纸为制造机械时代反应装甲3型护甲挂件的学习图纸，学习该图纸后将可制造反应装甲3型护甲挂件。</des>
	</recipes>
	<recipes>
		<name>反应装甲4型图纸</name>
		<itemType>2</itemType>
		<category>14</category>
		<enhanced>1</enhanced>
		<type>4</type>
		<des>该图纸为制造机械时代反应装甲4型护甲挂件的学习图纸，学习该图纸后将可制造反应装甲4型护甲挂件。</des>
	</recipes>
	<recipes>
		<name>反应装甲5型图纸</name>
		<itemType>2</itemType>
		<category>14</category>
		<enhanced>1</enhanced>
		<type>5</type>
		<des>该图纸为制造机械时代反应装甲5型护甲挂件的学习图纸，学习该图纸后将可制造反应装甲5型护甲挂件。</des>
	</recipes>
	<recipes>
		<name>反应装甲6型图纸</name>
		<itemType>2</itemType>
		<category>14</category>
		<enhanced>1</enhanced>
		<type>6</type>
		<des>该图纸为制造机械时代反应装甲6型护甲挂件的学习图纸，学习该图纸后将可制造反应装甲6型护甲挂件。</des>
	</recipes>
	<recipes>
		<name>反射装甲1型图纸</name>
		<itemType>2</itemType>
		<category>15</category>
		<enhanced>1</enhanced>
		<type>1</type>
		<des>该图纸为制造激光时代反射装甲1型护甲挂件的学习图纸，学习该图纸后将可制造反射装甲1型护甲挂件。</des>
	</recipes>
	<recipes>
		<name>反射装甲2型图纸</name>
		<itemType>2</itemType>
		<category>15</category>
		<enhanced>1</enhanced>
		<type>2</type>
		<des>该图纸为制造激光时代反射装甲2型护甲挂件的学习图纸，学习该图纸后将可制造反射装甲2型护甲挂件。</des>
	</recipes>
	<recipes>
		<name>反射装甲3型图纸</name>
		<itemType>2</itemType>
		<category>15</category>
		<enhanced>1</enhanced>
		<type>3</type>
		<des>该图纸为制造激光时代反射装甲3型护甲挂件的学习图纸，学习该图纸后将可制造反射装甲3型护甲挂件。</des>
	</recipes>
	<recipes>
		<name>反射装甲4型图纸</name>
		<itemType>2</itemType>
		<category>15</category>
		<enhanced>1</enhanced>
		<type>4</type>
		<des>该图纸为制造激光时代反射装甲4型护甲挂件的学习图纸，学习该图纸后将可制造反射装甲4型护甲挂件。</des>
	</recipes>
	<recipes>
		<name>反射装甲5型图纸</name>
		<itemType>2</itemType>
		<category>15</category>
		<enhanced>1</enhanced>
		<type>5</type>
		<des>该图纸为制造激光时代反射装甲5型护甲挂件的学习图纸，学习该图纸后将可制造反射装甲5型护甲挂件。</des>
	</recipes>
	<recipes>
		<name>反射装甲6型图纸</name>
		<itemType>2</itemType>
		<category>15</category>
		<enhanced>1</enhanced>
		<type>6</type>
		<des>该图纸为制造激光时代反射装甲6型护甲挂件的学习图纸，学习该图纸后将可制造反射装甲6型护甲挂件。</des>
	</recipes>
	<recipes>
		<name>衍射装甲1型图纸</name>
		<itemType>2</itemType>
		<category>16</category>
		<enhanced>1</enhanced>
		<type>1</type>
		<des>该图纸为制造激光时代衍射装甲1型护甲挂件的学习图纸，学习该图纸后将可制造衍射装甲1型护甲挂件。</des>
	</recipes>
	<recipes>
		<name>衍射装甲2型图纸</name>
		<itemType>2</itemType>
		<category>16</category>
		<enhanced>1</enhanced>
		<type>2</type>
		<des>该图纸为制造激光时代衍射装甲2型护甲挂件的学习图纸，学习该图纸后将可制造衍射装甲2型护甲挂件。</des>
	</recipes>
	<recipes>
		<name>衍射装甲3型图纸</name>
		<itemType>2</itemType>
		<category>16</category>
		<enhanced>1</enhanced>
		<type>3</type>
		<des>该图纸为制造激光时代衍射装甲3型护甲挂件的学习图纸，学习该图纸后将可制造衍射装甲3型护甲挂件。</des>
	</recipes>
	<recipes>
		<name>衍射装甲4型图纸</name>
		<itemType>2</itemType>
		<category>16</category>
		<enhanced>1</enhanced>
		<type>4</type>
		<des>该图纸为制造激光时代衍射装甲4型护甲挂件的学习图纸，学习该图纸后将可制造衍射装甲4型护甲挂件。</des>
	</recipes>
	<recipes>
		<name>衍射装甲5型图纸</name>
		<itemType>2</itemType>
		<category>16</category>
		<enhanced>1</enhanced>
		<type>5</type>
		<des>该图纸为制造激光时代衍射装甲5型护甲挂件的学习图纸，学习该图纸后将可制造衍射装甲5型护甲挂件。</des>
	</recipes>
	<recipes>
		<name>衍射装甲6型图纸</name>
		<itemType>2</itemType>
		<category>16</category>
		<enhanced>1</enhanced>
		<type>6</type>
		<des>该图纸为制造激光时代衍射装甲6型护甲挂件的学习图纸，学习该图纸后将可制造衍射装甲6型护甲挂件。</des>
	</recipes>
	<recipes>
		<name>屏蔽装甲1型图纸</name>
		<itemType>2</itemType>
		<category>17</category>
		<enhanced>1</enhanced>
		<type>1</type>
		<des>该图纸为制造电磁时代屏蔽装甲1型护甲挂件的学习图纸，学习该图纸后将可制造屏蔽装甲1型护甲挂件。</des>
	</recipes>
	<recipes>
		<name>屏蔽装甲2型图纸</name>
		<itemType>2</itemType>
		<category>17</category>
		<enhanced>1</enhanced>
		<type>2</type>
		<des>该图纸为制造电磁时代屏蔽装甲2型护甲挂件的学习图纸，学习该图纸后将可制造屏蔽装甲2型护甲挂件。</des>
	</recipes>
	<recipes>
		<name>屏蔽装甲3型图纸</name>
		<itemType>2</itemType>
		<category>17</category>
		<enhanced>1</enhanced>
		<type>3</type>
		<des>该图纸为制造电磁时代屏蔽装甲3型护甲挂件的学习图纸，学习该图纸后将可制造屏蔽装甲3型护甲挂件。</des>
	</recipes>
	<recipes>
		<name>屏蔽装甲4型图纸</name>
		<itemType>2</itemType>
		<category>17</category>
		<enhanced>1</enhanced>
		<type>4</type>
		<des>该图纸为制造电磁时代屏蔽装甲4型护甲挂件的学习图纸，学习该图纸后将可制造屏蔽装甲4型护甲挂件。</des>
	</recipes>
	<recipes>
		<name>屏蔽装甲5型图纸</name>
		<itemType>2</itemType>
		<category>17</category>
		<enhanced>1</enhanced>
		<type>5</type>
		<des>该图纸为制造电磁时代屏蔽装甲5型护甲挂件的学习图纸，学习该图纸后将可制造屏蔽装甲5型护甲挂件。</des>
	</recipes>
	<recipes>
		<name>屏蔽装甲6型图纸</name>
		<itemType>2</itemType>
		<category>17</category>
		<enhanced>1</enhanced>
		<type>6</type>
		<des>该图纸为制造电磁时代屏蔽装甲6型护甲挂件的学习图纸，学习该图纸后将可制造屏蔽装甲6型护甲挂件。</des>
	</recipes>
	<recipes>
		<name>干扰装甲1型图纸</name>
		<itemType>2</itemType>
		<category>18</category>
		<enhanced>1</enhanced>
		<type>1</type>
		<des>该图纸为制造电磁时代干扰装甲1型护甲挂件的学习图纸，学习该图纸后将可制造干扰装甲1型护甲挂件。</des>
	</recipes>
	<recipes>
		<name>干扰装甲2型图纸</name>
		<itemType>2</itemType>
		<category>18</category>
		<enhanced>1</enhanced>
		<type>2</type>
		<des>该图纸为制造电磁时代干扰装甲2型护甲挂件的学习图纸，学习该图纸后将可制造干扰装甲2型护甲挂件。</des>
	</recipes>
	<recipes>
		<name>干扰装甲3型图纸</name>
		<itemType>2</itemType>
		<category>18</category>
		<enhanced>1</enhanced>
		<type>3</type>
		<des>该图纸为制造电磁时代干扰装甲3型护甲挂件的学习图纸，学习该图纸后将可制造干扰装甲3型护甲挂件。</des>
	</recipes>
	<recipes>
		<name>干扰装甲4型图纸</name>
		<itemType>2</itemType>
		<category>18</category>
		<enhanced>1</enhanced>
		<type>4</type>
		<des>该图纸为制造电磁时代干扰装甲4型护甲挂件的学习图纸，学习该图纸后将可制造干扰装甲4型护甲挂件。</des>
	</recipes>
	<recipes>
		<name>干扰装甲5型图纸</name>
		<itemType>2</itemType>
		<category>18</category>
		<enhanced>1</enhanced>
		<type>5</type>
		<des>该图纸为制造电磁时代干扰装甲5型护甲挂件的学习图纸，学习该图纸后将可制造干扰装甲5型护甲挂件。</des>
	</recipes>
	<recipes>
		<name>干扰装甲6型图纸</name>
		<itemType>2</itemType>
		<category>18</category>
		<enhanced>1</enhanced>
		<type>6</type>
		<des>该图纸为制造电磁时代干扰装甲6型护甲挂件的学习图纸，学习该图纸后将可制造干扰装甲6型护甲挂件。</des>
	</recipes>
	<recipes>
		<name>反物质装甲1型图纸</name>
		<itemType>2</itemType>
		<category>19</category>
		<enhanced>1</enhanced>
		<type>1</type>
		<des>该图纸为制造暗能时代反物质装甲1型护甲挂件的学习图纸，学习该图纸后将可制造反物质装甲1型护甲挂件。</des>
	</recipes>
	<recipes>
		<name>反物质装甲2型图纸</name>
		<itemType>2</itemType>
		<category>19</category>
		<enhanced>1</enhanced>
		<type>2</type>
		<des>该图纸为制造暗能时代反物质装甲2型护甲挂件的学习图纸，学习该图纸后将可制造反物质装甲2型护甲挂件。</des>
	</recipes>
	<recipes>
		<name>反物质装甲3型图纸</name>
		<itemType>2</itemType>
		<category>19</category>
		<enhanced>1</enhanced>
		<type>3</type>
		<des>该图纸为制造暗能时代反物质装甲3型护甲挂件的学习图纸，学习该图纸后将可制造反物质装甲3型护甲挂件。</des>
	</recipes>
	<recipes>
		<name>反物质装甲4型图纸</name>
		<itemType>2</itemType>
		<category>19</category>
		<enhanced>1</enhanced>
		<type>4</type>
		<des>该图纸为制造暗能时代反物质装甲4型护甲挂件的学习图纸，学习该图纸后将可制造反物质装甲4型护甲挂件。</des>
	</recipes>
	<recipes>
		<name>反物质装甲5型图纸</name>
		<itemType>2</itemType>
		<category>19</category>
		<enhanced>1</enhanced>
		<type>5</type>
		<des>该图纸为制造暗能时代反物质装甲5型护甲挂件的学习图纸，学习该图纸后将可制造反物质装甲5型护甲挂件。</des>
	</recipes>
	<recipes>
		<name>反物质装甲6型图纸</name>
		<itemType>2</itemType>
		<category>19</category>
		<enhanced>1</enhanced>
		<type>6</type>
		<des>该图纸为制造暗能时代反物质装甲6型护甲挂件的学习图纸，学习该图纸后将可制造反物质装甲6型护甲挂件。</des>
	</recipes>
	<recipes>
		<name>反引力装甲1型图纸</name>
		<itemType>2</itemType>
		<category>20</category>
		<enhanced>1</enhanced>
		<type>1</type>
		<des>该图纸为制造暗能时代反引力装甲1型护甲挂件的学习图纸，学习该图纸后将可制造反引力装甲1型护甲挂件。</des>
	</recipes>
	<recipes>
		<name>反引力装甲2型图纸</name>
		<itemType>2</itemType>
		<category>20</category>
		<enhanced>1</enhanced>
		<type>2</type>
		<des>该图纸为制造暗能时代反引力装甲2型护甲挂件的学习图纸，学习该图纸后将可制造反引力装甲2型护甲挂件。</des>
	</recipes>
	<recipes>
		<name>反引力装甲3型图纸</name>
		<itemType>2</itemType>
		<category>20</category>
		<enhanced>1</enhanced>
		<type>3</type>
		<des>该图纸为制造暗能时代反引力装甲3型护甲挂件的学习图纸，学习该图纸后将可制造反引力装甲3型护甲挂件。</des>
	</recipes>
	<recipes>
		<name>反引力装甲4型图纸</name>
		<itemType>2</itemType>
		<category>20</category>
		<enhanced>1</enhanced>
		<type>4</type>
		<des>该图纸为制造暗能时代反引力装甲4型护甲挂件的学习图纸，学习该图纸后将可制造反引力装甲4型护甲挂件。</des>
	</recipes>
	<recipes>
		<name>反引力装甲5型图纸</name>
		<itemType>2</itemType>
		<category>20</category>
		<enhanced>1</enhanced>
		<type>5</type>
		<des>该图纸为制造暗能时代反引力装甲5型护甲挂件的学习图纸，学习该图纸后将可制造反引力装甲5型护甲挂件。</des>
	</recipes>
	<recipes>
		<name>反引力装甲6型图纸</name>
		<itemType>2</itemType>
		<category>20</category>
		<enhanced>1</enhanced>
		<type>6</type>
		<des>该图纸为制造暗能时代反引力装甲6型护甲挂件的学习图纸，学习该图纸后将可制造反引力装甲6型护甲挂件。</des>
	</recipes>
	<recipes>
		<name>高效能量发生器1型图纸</name>
		<itemType>2</itemType>
		<category>21</category>
		<enhanced>1</enhanced>
		<type>1</type>
		<des>该图纸为制造机械时代高效能量发生器1型能量挂件的学习图纸，学习该图纸后将可制造高效能量发生器1型能量挂件。</des>
	</recipes>
	<recipes>
		<name>高效能量发生器2型图纸</name>
		<itemType>2</itemType>
		<category>21</category>
		<enhanced>1</enhanced>
		<type>2</type>
		<des>该图纸为制造机械时代高效能量发生器2型能量挂件的学习图纸，学习该图纸后将可制造高效能量发生器2型能量挂件。</des>
	</recipes>
	<recipes>
		<name>高效能量发生器3型图纸</name>
		<itemType>2</itemType>
		<category>21</category>
		<enhanced>1</enhanced>
		<type>3</type>
		<des>该图纸为制造机械时代高效能量发生器3型能量挂件的学习图纸，学习该图纸后将可制造高效能量发生器3型能量挂件。</des>
	</recipes>
	<recipes>
		<name>高效能量发生器4型图纸</name>
		<itemType>2</itemType>
		<category>21</category>
		<enhanced>1</enhanced>
		<type>4</type>
		<des>该图纸为制造机械时代高效能量发生器4型能量挂件的学习图纸，学习该图纸后将可制造高效能量发生器4型能量挂件。</des>
	</recipes>
	<recipes>
		<name>高效能量发生器5型图纸</name>
		<itemType>2</itemType>
		<category>21</category>
		<enhanced>1</enhanced>
		<type>5</type>
		<des>该图纸为制造机械时代高效能量发生器5型能量挂件的学习图纸，学习该图纸后将可制造高效能量发生器5型能量挂件。</des>
	</recipes>
	<recipes>
		<name>高效能量发生器6型图纸</name>
		<itemType>2</itemType>
		<category>21</category>
		<enhanced>1</enhanced>
		<type>6</type>
		<des>该图纸为制造机械时代高效能量发生器6型能量挂件的学习图纸，学习该图纸后将可制造高效能量发生器6型能量挂件。</des>
	</recipes>
	<recipes>
		<name>高能引擎1型图纸</name>
		<itemType>2</itemType>
		<category>22</category>
		<enhanced>1</enhanced>
		<type>1</type>
		<des>该图纸为制造机械时代高能引擎1型加速挂件的学习图纸，学习该图纸后将可制造高能引擎1型加速挂件。</des>
	</recipes>
	<recipes>
		<name>高能引擎2型图纸</name>
		<itemType>2</itemType>
		<category>22</category>
		<enhanced>1</enhanced>
		<type>2</type>
		<des>该图纸为制造机械时代高能引擎2型加速挂件的学习图纸，学习该图纸后将可制造高能引擎2型加速挂件。</des>
	</recipes>
	<recipes>
		<name>高能引擎3型图纸</name>
		<itemType>2</itemType>
		<category>22</category>
		<enhanced>1</enhanced>
		<type>3</type>
		<des>该图纸为制造机械时代高能引擎3型加速挂件的学习图纸，学习该图纸后将可制造高能引擎3型加速挂件。</des>
	</recipes>
	<recipes>
		<name>高能引擎4型图纸</name>
		<itemType>2</itemType>
		<category>22</category>
		<enhanced>1</enhanced>
		<type>4</type>
		<des>该图纸为制造机械时代高能引擎4型加速挂件的学习图纸，学习该图纸后将可制造高能引擎4型加速挂件。</des>
	</recipes>
	<recipes>
		<name>高能引擎5型图纸</name>
		<itemType>2</itemType>
		<category>22</category>
		<enhanced>1</enhanced>
		<type>5</type>
		<des>该图纸为制造机械时代高能引擎5型加速挂件的学习图纸，学习该图纸后将可制造高能引擎5型加速挂件。</des>
	</recipes>
	<recipes>
		<name>高能引擎6型图纸</name>
		<itemType>2</itemType>
		<category>22</category>
		<enhanced>1</enhanced>
		<type>6</type>
		<des>该图纸为制造机械时代高能引擎6型加速挂件的学习图纸，学习该图纸后将可制造高能引擎6型加速挂件。</des>
	</recipes>
	<recipes>
		<name>能量护盾1型图纸</name>
		<itemType>2</itemType>
		<category>23</category>
		<enhanced>1</enhanced>
		<type>1</type>
		<des>该图纸为制造机械时代能源护盾1型护盾挂件的学习图纸，学习该图纸后将可制造能源护盾1型加速挂件。</des>
	</recipes>
	<recipes>
		<name>能量护盾2型图纸</name>
		<itemType>2</itemType>
		<category>23</category>
		<enhanced>1</enhanced>
		<type>2</type>
		<des>该图纸为制造机械时代能源护盾2型护盾挂件的学习图纸，学习该图纸后将可制造能源护盾2型加速挂件。</des>
	</recipes>
	<recipes>
		<name>能量护盾3型图纸</name>
		<itemType>2</itemType>
		<category>23</category>
		<enhanced>1</enhanced>
		<type>3</type>
		<des>该图纸为制造机械时代能源护盾3型护盾挂件的学习图纸，学习该图纸后将可制造能源护盾3型加速挂件。</des>
	</recipes>
	<recipes>
		<name>能量护盾4型图纸</name>
		<itemType>2</itemType>
		<category>23</category>
		<enhanced>1</enhanced>
		<type>4</type>
		<des>该图纸为制造机械时代能源护盾4型护盾挂件的学习图纸，学习该图纸后将可制造能源护盾4型加速挂件。</des>
	</recipes>
	<recipes>
		<name>能量护盾5型图纸</name>
		<itemType>2</itemType>
		<category>23</category>
		<enhanced>1</enhanced>
		<type>5</type>
		<des>该图纸为制造机械时代能源护盾5型护盾挂件的学习图纸，学习该图纸后将可制造能源护盾5型加速挂件。</des>
	</recipes>
	<recipes>
		<name>能量护盾6型图纸</name>
		<itemType>2</itemType>
		<category>23</category>
		<enhanced>1</enhanced>
		<type>6</type>
		<des>该图纸为制造机械时代能源护盾6型护盾挂件的学习图纸，学习该图纸后将可制造能源护盾6型加速挂件。</des>
	</recipes>
	<recipes>
		<name>转换增速仪1型图纸</name>
		<itemType>2</itemType>
		<category>24</category>
		<enhanced>1</enhanced>
		<type>1</type>
		<des>该图纸为制造机械时代转换增速仪1型加速挂件的学习图纸，学习该图纸后将可制造转换增速仪1型加速挂件。</des>
	</recipes>
	<recipes>
		<name>转换增速仪2型图纸</name>
		<itemType>2</itemType>
		<category>24</category>
		<enhanced>1</enhanced>
		<type>2</type>
		<des>该图纸为制造机械时代转换增速仪2型加速挂件的学习图纸，学习该图纸后将可制造转换增速仪2型加速挂件。</des>
	</recipes>
	<recipes>
		<name>转换增速仪3型图纸</name>
		<itemType>2</itemType>
		<category>24</category>
		<enhanced>1</enhanced>
		<type>3</type>
		<des>该图纸为制造机械时代转换增速仪3型加速挂件的学习图纸，学习该图纸后将可制造转换增速仪3型加速挂件。</des>
	</recipes>
	<recipes>
		<name>转换增速仪4型图纸</name>
		<itemType>2</itemType>
		<category>24</category>
		<enhanced>1</enhanced>
		<type>4</type>
		<des>该图纸为制造机械时代转换增速仪4型加速挂件的学习图纸，学习该图纸后将可制造转换增速仪4型加速挂件。</des>
	</recipes>
	<recipes>
		<name>转换增速仪5型图纸</name>
		<itemType>2</itemType>
		<category>24</category>
		<enhanced>1</enhanced>
		<type>5</type>
		<des>该图纸为制造机械时代转换增速仪5型加速挂件的学习图纸，学习该图纸后将可制造转换增速仪5型加速挂件。</des>
	</recipes>
	<recipes>
		<name>转换增速仪6型图纸</name>
		<itemType>2</itemType>
		<category>24</category>
		<enhanced>1</enhanced>
		<type>6</type>
		<des>该图纸为制造机械时代转换增速仪6型加速挂件的学习图纸，学习该图纸后将可制造转换增速仪6型加速挂件。</des>
	</recipes>
	<recipes>
		<name>智能战斗雷达1型图纸</name>
		<itemType>2</itemType>
		<category>25</category>
		<enhanced>1</enhanced>
		<type>1</type>
		<des>该图纸为制造机械时代智能战斗雷达1型雷达挂件的学习图纸，学习该图纸后将可制造智能战斗雷达1型雷达挂件。</des>
	</recipes>
	<recipes>
		<name>智能战斗雷达2型图纸</name>
		<itemType>2</itemType>
		<category>25</category>
		<enhanced>1</enhanced>
		<type>2</type>
		<des>该图纸为制造机械时代智能战斗雷达2型雷达挂件的学习图纸，学习该图纸后将可制造智能战斗雷达2型雷达挂件。</des>
	</recipes>
	<recipes>
		<name>智能战斗雷达3型图纸</name>
		<itemType>2</itemType>
		<category>25</category>
		<enhanced>1</enhanced>
		<type>3</type>
		<des>该图纸为制造机械时代智能战斗雷达3型雷达挂件的学习图纸，学习该图纸后将可制造智能战斗雷达3型雷达挂件。</des>
	</recipes>
	<recipes>
		<name>智能战斗雷达4型图纸</name>
		<itemType>2</itemType>
		<category>25</category>
		<enhanced>1</enhanced>
		<type>4</type>
		<des>该图纸为制造机械时代智能战斗雷达4型雷达挂件的学习图纸，学习该图纸后将可制造智能战斗雷达4型雷达挂件。</des>
	</recipes>
	<recipes>
		<name>智能战斗雷达5型图纸</name>
		<itemType>2</itemType>
		<category>25</category>
		<enhanced>1</enhanced>
		<type>5</type>
		<des>该图纸为制造机械时代智能战斗雷达5型雷达挂件的学习图纸，学习该图纸后将可制造智能战斗雷达5型雷达挂件。</des>
	</recipes>
	<recipes>
		<name>智能战斗雷达6型图纸</name>
		<itemType>2</itemType>
		<category>25</category>
		<enhanced>1</enhanced>
		<type>6</type>
		<des>该图纸为制造机械时代智能战斗雷达6型雷达挂件的学习图纸，学习该图纸后将可制造智能战斗雷达6型雷达挂件。</des>
	</recipes>
	<recipes>
		<name>自爆装置1型图纸</name>
		<itemType>2</itemType>
		<category>26</category>
		<enhanced>1</enhanced>
		<type>1</type>
		<des>该图纸为制造机械时代自爆装置1型自爆挂件的学习图纸，学习该图纸后将可制造自爆装置1型自爆挂件。</des>
	</recipes>
	<recipes>
		<name>自爆装置2型图纸</name>
		<itemType>2</itemType>
		<category>26</category>
		<enhanced>1</enhanced>
		<type>2</type>
		<des>该图纸为制造机械时代自爆装置2型自爆挂件的学习图纸，学习该图纸后将可制造自爆装置2型自爆挂件。</des>
	</recipes>
	<recipes>
		<name>自爆装置3型图纸</name>
		<itemType>2</itemType>
		<category>26</category>
		<enhanced>1</enhanced>
		<type>3</type>
		<des>该图纸为制造机械时代自爆装置3型自爆挂件的学习图纸，学习该图纸后将可制造自爆装置3型自爆挂件。</des>
	</recipes>
	<recipes>
		<name>自爆装置4型图纸</name>
		<itemType>2</itemType>
		<category>26</category>
		<enhanced>1</enhanced>
		<type>4</type>
		<des>该图纸为制造机械时代自爆装置4型自爆挂件的学习图纸，学习该图纸后将可制造自爆装置4型自爆挂件。</des>
	</recipes>
	<recipes>
		<name>自爆装置5型图纸</name>
		<itemType>2</itemType>
		<category>26</category>
		<enhanced>1</enhanced>
		<type>5</type>
		<des>该图纸为制造机械时代自爆装置5型自爆挂件的学习图纸，学习该图纸后将可制造自爆装置5型自爆挂件。</des>
	</recipes>
	<recipes>
		<name>自爆装置6型图纸</name>
		<itemType>2</itemType>
		<category>26</category>
		<enhanced>1</enhanced>
		<type>6</type>
		<des>该图纸为制造机械时代自爆装置6型自爆挂件的学习图纸，学习该图纸后将可制造自爆装置6型自爆挂件。</des>
	</recipes>
</root>
