<?xml version="1.0" encoding="UTF-8"?>
<tasks>
	<taskItem>
		<index>1</index>
		<title>聆听</title>
		<name/>
		<broken_crystal>100</broken_crystal>
		<crystal>5000</crystal>
		<tritium>3000</tritium>
		<dark_crystal>5</dark_crystal>
		<des>&lt;root&gt;
&lt;p&gt;
  &lt;s&gt;欢迎来到Tarre（泰诺）星系，我是您的助手芮芭，您可以随时点击界面上的【！】找到我。&lt;/s&gt;&lt;n/&gt;
  &lt;s&gt;我的职责是协助您更好的建设、发展基地，并在战斗遇到危险时给您提供帮助。&lt;/s&gt;&lt;n/&gt;
  &lt;s&gt;首先我将带您了解一下Tarre（泰诺）星系及周边的环境。&lt;/s&gt;&lt;n/&gt;
&lt;/p&gt;
&lt;p&gt;
  &lt;s&gt;自从人类在2012年发现上帝粒子以后整个世界为之疯狂。科学家霍金的大脑与地球上最强大的电子计算机连接在一起，理论物理学发挥了极大的作用，证明所捕获的上帝粒子来源于130亿年前的时空。&lt;/s&gt;&lt;n/&gt;
  &lt;s&gt;从此时空之门为人类敞开！&lt;/s&gt;&lt;n/&gt;
&lt;/p&gt;
&lt;p&gt;
  &lt;s&gt;时空之门使用“暗物质”建造，而能量来源于游离的暗能量。霍金预言暗能量在宇宙初期是以晶体形式存在的命名为“暗能水晶”。&lt;/s&gt;&lt;n/&gt;
  &lt;s&gt;自从远征军第一次把“暗能水晶”从古人遗迹中运回地球，“暗能水晶”便成为宇宙中最强大的能量来源。&lt;/s&gt;&lt;n/&gt;
&lt;/p&gt;
&lt;p&gt;
  &lt;s&gt;在Terra（泰诺）星系，古人留下了超乎想象的科技遗迹，人类迎来了第一次星际移民时代。&lt;/s&gt;&lt;n/&gt;
  &lt;s&gt;欢迎来到Terra（泰诺）星系，您正是第一批星际移民！&lt;/s&gt;&lt;n/&gt;
  &lt;s&gt;下面我将协助您建立您自己的太空移民家园！&lt;/s&gt;&lt;n/&gt;
&lt;/p&gt;
&lt;/root&gt;</des>
		<goalDes>聆听</goalDes>
		<completeDes>现由联盟中心赠送您建立太空移民家园的最基础资源：</completeDes>
		<compID/>
		<type>0</type>
	</taskItem>
	<taskItem>
		<index>2</index>
		<title>基地建设1/16</title>
		<name>氚氢分离厂</name>
		<broken_crystal>60</broken_crystal>
		<crystal>1000</crystal>
		<tritium>800</tritium>
		<dark_crystal>0</dark_crystal>
		<des>&lt;root&gt;
&lt;p&gt;
  &lt;s&gt;这是移民总部为您分配的{0}号小行星，接下里我会帮助您建设您的小行星。&lt;/s&gt;&lt;n/&gt;
  &lt;s&gt;“氚氢”在基地的发展前期需求量很大，它是修建设施，升级建筑，科技研究、建造战车所必须的资源。&lt;/s&gt;&lt;n/&gt;
&lt;/p&gt;
&lt;/root&gt;</des>
		<goalDes>氚氢分离厂</goalDes>
		<completeDes>恭喜您！已成功建造“氚氢分离厂”！</completeDes>
		<compID>
			<id>1</id>
			<id>2</id>
		</compID>
		<type>1</type>
	</taskItem>
	<taskItem>
		<index>3</index>
		<title>基地建设2/16</title>
		<name>暗能电厂</name>
		<broken_crystal>70</broken_crystal>
		<crystal>800</crystal>
		<tritium>500</tritium>
		<dark_crystal>0</dark_crystal>
		<des>&lt;root&gt;
&lt;p&gt;
  &lt;s&gt;基地中所有建筑的运转均需要能源支持，而成本最低的能源系统是“暗能电厂”。&lt;/s&gt;&lt;n/&gt;
  &lt;s&gt;建议您建造一座“暗能电厂”&lt;/s&gt;&lt;n/&gt;
&lt;/p&gt;
&lt;/root&gt;</des>
		<goalDes>暗能发电厂</goalDes>
		<completeDes>恭喜您！已经成功建造“暗能电厂”，拥有了维持基地设施运转的基础电量。
    随着基地建筑的增加和升级，电量的需求将不断增大，您需要通过升级“暗能电厂”获得更多电能。</completeDes>
		<compID>
			<id>3</id>
			<id>4</id>
		</compID>
		<type>1</type>
	</taskItem>
	<taskItem>
		<index>4</index>
		<title>基地建设3/16</title>
		<name>晶体冶炼厂</name>
		<broken_crystal>100</broken_crystal>
		<crystal>5000</crystal>
		<tritium>600</tritium>
		<dark_crystal>0</dark_crystal>
		<des>&lt;root&gt;
&lt;p&gt;
  &lt;s&gt;“金晶矿”是基地发展的基础资源，可透过“晶体冶炼厂”进行开采，每个小行星每小时皆有1199“金晶矿”的基本产量。&lt;/s&gt;&lt;n/&gt;
  &lt;s&gt;“金晶矿”是一种广泛使用的可再生资源，还能熔炼“暗物质”。&lt;/s&gt;&lt;n/&gt;
&lt;/p&gt;
&lt;/root&gt;</des>
		<goalDes>晶体冶炼厂</goalDes>
		<completeDes>恭喜您！已成功建造“晶体冶炼厂”，获得基地发展所需的重要资源之一。
    随着基地发展需要，您可以不断升级晶体冶炼厂来获得更多的晶体矿产资源。</completeDes>
		<compID>
			<id>5</id>
			<id>6</id>
		</compID>
		<type>1</type>
	</taskItem>
	<taskItem>
		<index>5</index>
		<title>基地建设4/16</title>
		<name>金晶熔炼</name>
		<broken_crystal/>
		<crystal/>
		<tritium/>
		<dark_crystal/>
		<des>&lt;root&gt;
&lt;p&gt;
  &lt;s&gt;“暗物质”比“金晶矿”更难获得，产量非常低，大多数的建筑及科技都会用到“暗物质”，请在“晶体冶炼厂”内使用“金晶矿”熔炼“暗物质”。&lt;/s&gt;&lt;n/&gt;
&lt;/p&gt;
&lt;/root&gt;</des>
		<goalDes>4000“金晶矿”熔炼10“暗物质”</goalDes>
		<completeDes>恭喜您！现在已成功熔炼“暗物质”！除此之外您还可以通过商城兑换暗物质、亦可参加相应活动获取“暗物质”！</completeDes>
		<compID>
			<id>7</id>
			<id>8</id>
			<id>9</id>
		</compID>
		<type>3</type>
	</taskItem>
	<taskItem>
		<index>6</index>
		<title>基地建设5/16</title>
		<name>物资仓库</name>
		<broken_crystal>50</broken_crystal>
		<crystal>3000</crystal>
		<tritium>1200</tritium>
		<dark_crystal>0</dark_crystal>
		<des>&lt;root&gt;
&lt;p&gt;
  &lt;s&gt;“物资仓库”用于存放所有未使用的资源。&lt;/s&gt;&lt;n/&gt;
  &lt;s&gt;当“物资仓库”出现报警，表示某资源已经超出“物资仓库”最大容量，则该项资源将停止增长。&lt;/s&gt;&lt;n/&gt;
  &lt;s&gt;建议您建造一座“物资仓库”。&lt;/s&gt;&lt;n/&gt;
&lt;/p&gt;
&lt;/root&gt;</des>
		<goalDes>物资仓库</goalDes>
		<completeDes>恭喜您！已成功建造“物资仓库”，现在您的可以收纳更多的物资。</completeDes>
		<compID>
			<id>10</id>
			<id>11</id>
		</compID>
		<type>1</type>
	</taskItem>
	<taskItem>
		<index>7</index>
		<title>基地建设6/16</title>
		<name>升级建筑Ⅰ</name>
		<broken_crystal>120</broken_crystal>
		<crystal>2000</crystal>
		<tritium>1600</tritium>
		<dark_crystal>0</dark_crystal>
		<des>&lt;root&gt;
&lt;p&gt;
  &lt;s&gt;基地建设过程中，需要不断提升建筑等级来满足基地发展的需要。&lt;/s&gt;&lt;n/&gt;
  &lt;s&gt;建筑的升级需要消耗一定的资源，请提升您“氚氢分离厂”的等级。&lt;/s&gt;&lt;n/&gt;
&lt;/p&gt;
&lt;/root&gt;</des>
		<goalDes>升级氚氢分离厂</goalDes>
		<completeDes>恭喜您！您的“氚氢分离厂”已经成功升级，获得了更多的“氚氢”资源。基地建设又向前推进了一大步！</completeDes>
		<compID>
			<id>12</id>
			<id>13</id>
			<id>14</id>
		</compID>
		<type>2</type>
	</taskItem>
	<taskItem>
		<index>8</index>
		<title>基地建设7/16</title>
		<name>升级建筑Ⅱ</name>
		<broken_crystal>80</broken_crystal>
		<crystal>1600</crystal>
		<tritium>1200</tritium>
		<dark_crystal>0</dark_crystal>
		<des>&lt;root&gt;
&lt;p&gt;   
  &lt;s&gt;基地发展需要庞大的电能支持，为促进基地的发展，请提升“暗能电厂”的等级。&lt;/s&gt;&lt;n/&gt;
&lt;/p&gt;
&lt;/root&gt;</des>
		<goalDes>升级暗能电厂</goalDes>
		<completeDes>恭喜您！“暗能电厂”已成功升级。为保障基地建设基础能源的提供，“暗能电厂”需要不断的升级来提供更多的电能！</completeDes>
		<compID>
			<id>15</id>
			<id>16</id>
			<id>17</id>
		</compID>
		<type>2</type>
	</taskItem>
	<taskItem>
		<index>9</index>
		<title>基地建设8/16</title>
		<name>升级建筑Ⅲ</name>
		<broken_crystal>130</broken_crystal>
		<crystal>10000</crystal>
		<tritium>2000</tritium>
		<dark_crystal>0</dark_crystal>
		<des>&lt;root&gt;
&lt;p&gt;
  &lt;s&gt;基地发展需要数量庞大的晶体资源，为了更快的发张新一名的基地势力，请提升“晶体冶炼厂”的等级。&lt;/s&gt;&lt;n/&gt;
&lt;/p&gt;
&lt;/root&gt;</des>
		<goalDes>升级晶体冶炼厂</goalDes>
		<completeDes>恭喜您！目前您已成功升级“晶体冶炼厂”，提高了“晶体冶炼厂”获得“金晶矿”的机率！
    为了更好的发展基地，建议新移民要不断升级您的“晶体冶炼厂”！</completeDes>
		<compID>
			<id>18</id>
			<id>19</id>
			<id>20</id>
		</compID>
		<type>2</type>
	</taskItem>
	<taskItem>
		<index>10</index>
		<title>基地建设9/16</title>
		<name>科技中心</name>
		<broken_crystal>120</broken_crystal>
		<crystal>1200</crystal>
		<tritium>800</tritium>
		<dark_crystal>0</dark_crystal>
		<des>&lt;root&gt;
&lt;p&gt;
  &lt;s&gt;科技是促进文明发展的动力，掌握新的科技能够帮助我们更加有效的探索宇宙，增加我们的实力。&lt;/s&gt;&lt;n/&gt;
&lt;/p&gt;
&lt;/root&gt;</des>
		<goalDes>科技中心</goalDes>
		<completeDes>恭喜您！新移民您已建造好属于您科技发展所需的“科技中心”。
    为了更好的发展您的基地需要您不断提升您的“科技中心”等级！</completeDes>
		<compID>
			<id>21</id>
			<id>22</id>
		</compID>
		<type>1</type>
	</taskItem>
	<taskItem>
		<index>11</index>
		<title>基地建设10/16</title>
		<name>军工厂</name>
		<broken_crystal>100</broken_crystal>
		<crystal>2000</crystal>
		<tritium>1000</tritium>
		<dark_crystal>0</dark_crystal>
		<des>&lt;root&gt;
&lt;p&gt;
  &lt;s&gt;很好，现在您已经可以从您的基地源源不断地得到资源。但您得明白，这些珍贵的资源会遭到敌人的觊觎！&lt;/s&gt;&lt;n/&gt;
  &lt;s&gt;为了保证我们的资源财产不被敌人掠夺，我们需要建造一些防御单位抵御敌人攻击，请修建用来生产战斗单位的“军工厂”！&lt;/s&gt;&lt;n/&gt;
&lt;/p&gt;
&lt;/root&gt;</des>
		<goalDes>建造军工厂</goalDes>
		<completeDes>恭喜您！现已开始建造您的“军工厂”！</completeDes>
		<compID>
			<id>23</id>
			<id>24</id>
		</compID>
		<type>1</type>
	</taskItem>
	<taskItem>
		<index>12</index>
		<title>基地建设11/16</title>
		<name>租用时间机器</name>
		<broken_crystal>50</broken_crystal>
		<crystal>1000</crystal>
		<tritium>1000</tritium>
		<dark_crystal>0</dark_crystal>
		<des>&lt;root&gt;
&lt;p&gt;
  &lt;s&gt;“军工厂”建造时间过长，新移民请先租用一个“时间机器”帮助我们修建“军工厂”，有了“时间机器”即可加快修建的速度。&lt;/s&gt;&lt;n/&gt;
  &lt;s&gt;  请租用一台时间机器加速“军工厂”的修建。&lt;/s&gt;&lt;n/&gt;
&lt;/p&gt;
&lt;/root&gt;</des>
		<goalDes>时间机器</goalDes>
		<completeDes>恭喜您！现在成功租用时间机器，可以加速度建筑、学科的修建、学习、升级等！</completeDes>
		<compID>
			<id>25</id>
		</compID>
		<type>3</type>
	</taskItem>
	<taskItem>
		<index>13</index>
		<title>基地建设12/16</title>
		<name>时间加速</name>
		<broken_crystal>150</broken_crystal>
		<crystal>3000</crystal>
		<tritium>5000</tritium>
		<dark_crystal>0</dark_crystal>
		<des>&lt;root&gt;
&lt;p&gt;
  &lt;s&gt;请使用“暗能水晶”驱动“时间机器”加速“军工厂”的建造。&lt;/s&gt;&lt;n/&gt;
&lt;/p&gt;
&lt;/root&gt;</des>
		<goalDes>建造完成军工厂</goalDes>
		<completeDes>恭喜您！现在成功拥有属于您的“军工厂”！可开始生产战车保护您的资源，亦可通过武力获得更多的资源发展自己的势力。</completeDes>
		<compID>
			<id>26</id>
			<id>27</id>
			<id>28</id>
		</compID>
		<type>2</type>
	</taskItem>
	<taskItem>
		<index>14</index>
		<title>基地建设13/16</title>
		<name>领取军籍</name>
		<broken_crystal>1000</broken_crystal>
		<crystal>20000</crystal>
		<tritium>16000</tritium>
		<dark_crystal>10</dark_crystal>
		<des>&lt;root&gt;
&lt;p&gt;
  &lt;s&gt;现已成功拥有属于您的基地并完成基础建造，您获得了星际移民总局对您的认可，请前往移民总局领取您的军籍！&lt;/s&gt;&lt;n/&gt;
  &lt;s&gt;  介于您之前优秀的表现，移民总局将在您成功领取军籍后发放给您一些基础战略物资。&lt;/s&gt;&lt;n/&gt;
&lt;/p&gt;
&lt;/root&gt;</des>
		<goalDes>领取军籍</goalDes>
		<completeDes>恭喜您！新移民现已成功领取军籍！获得由移民总局发放给您基础战略物资！</completeDes>
		<compID>
			<id>29</id>
		</compID>
		<type>3</type>
	</taskItem>
	<taskItem>
		<index>15</index>
		<title>科技研究1/3</title>
		<name>能源科技</name>
		<broken_crystal>160</broken_crystal>
		<crystal>8000</crystal>
		<tritium>15000</tritium>
		<dark_crystal>0</dark_crystal>
		<des>&lt;root&gt;
&lt;p&gt;
  &lt;s&gt;战车可抵御敌人攻击的同时战车还具有一个更大的用处就是可以派遣出去执行各种任务（占领要塞等）。&lt;/s&gt;&lt;n/&gt;
  &lt;s&gt;  战车的制造需要科技的支持，我们可以通过先学习相应科技，来制造战车。请学习能源科技。&lt;/s&gt;&lt;n/&gt;
&lt;/p&gt;
&lt;/root&gt;</des>
		<goalDes>能源科技</goalDes>
		<completeDes>恭喜您！新移民现在学习了能源科技，您的战车动力研究方面已有一定成果！
    需要不断的升级能源科技来提升您的战车制动性及攻击性！</completeDes>
		<compID>
			<id>30</id>
			<id>31</id>
			<id>32</id>
		</compID>
		<type>4</type>
	</taskItem>
	<taskItem>
		<index>16</index>
		<title>科技研究2/3</title>
		<name>机械科技</name>
		<broken_crystal>150</broken_crystal>
		<crystal>2000</crystal>
		<tritium>3000</tritium>
		<dark_crystal>0</dark_crystal>
		<des>&lt;root&gt;
&lt;p&gt;
  &lt;s&gt;机械科技等级直接应响到可制造战车质量的高低。请学习机械科技。&lt;/s&gt;&lt;n/&gt;
&lt;/p&gt;
&lt;/root&gt;</des>
		<goalDes>机械科技</goalDes>
		<completeDes>恭喜您！现已成功学习机械科技，现已具备战车制造的基本知识。
    为了制造出更好的战车，还需要不断的提升您的机械科技等级！</completeDes>
		<compID>
			<id>33</id>
			<id>34</id>
			<id>35</id>
		</compID>
		<type>4</type>
	</taskItem>
	<taskItem>
		<index>17</index>
		<title>科技研究3/3</title>
		<name>采集科技</name>
		<broken_crystal>160</broken_crystal>
		<crystal>10000</crystal>
		<tritium>8000</tritium>
		<dark_crystal>0</dark_crystal>
		<des>&lt;root&gt;
&lt;p&gt;
  &lt;s&gt;战车制造中的材料制造与研发需要学习最基础的学科采集科技，请学习采集科技。&lt;/s&gt;&lt;n/&gt;
&lt;/p&gt;
&lt;/root&gt;</des>
		<goalDes>采集科技</goalDes>
		<completeDes>恭喜您！目前已成功学习采集科技，在采集科技领域已打下坚定的基础。
    为了基地发展，新移民需要不断升级您的采集科技等级以此提升战车质量！</completeDes>
		<compID>
			<id>36</id>
			<id>37</id>
			<id>38</id>
		</compID>
		<type>4</type>
	</taskItem>
	<taskItem>
		<index>18</index>
		<title>战车制造1/4</title>
		<name>学习图纸</name>
		<broken_crystal>30</broken_crystal>
		<crystal>2400</crystal>
		<tritium>1600</tritium>
		<dark_crystal>0</dark_crystal>
		<des>&lt;root&gt;
&lt;p&gt;
  &lt;s&gt;为了保证新移民的资源不被敌人掠夺，请早点建设防御设施，需要拥有战争武器，首先需要您学习制造战车。&lt;/s&gt;&lt;n/&gt;
&lt;/p&gt;
&lt;/root&gt;</des>
		<goalDes>学习企业号</goalDes>
		<completeDes>恭喜您！现已学会制造企业号战车！可前往军工厂制造该战车！</completeDes>
		<compID>
			<id>39</id>
			<id>40</id>
			<id>41</id>
			<id>42</id>
		</compID>
		<type>5</type>
	</taskItem>
	<taskItem>
		<index>19</index>
		<title>战车制造2/4</title>
		<name>制造战车</name>
		<broken_crystal>80</broken_crystal>
		<crystal>5000</crystal>
		<tritium>4000</tritium>
		<dark_crystal>0</dark_crystal>
		<des>&lt;root&gt;
&lt;p&gt;
  &lt;s&gt;现在根据所学会制造的战车进行制造，进入“军工厂”内的制造分厂进行制造属于您的战车！&lt;/s&gt;&lt;n/&gt;
&lt;/p&gt;
&lt;/root&gt;</des>
		<goalDes>企业号</goalDes>
		<completeDes>恭喜您！新移民现在已成功制造了一台战车，您可制造相应挂件来增加战车攻击及防御等！</completeDes>
		<compID>
			<id>43</id>
			<id>44</id>
			<id>45</id>
			<id>46</id>
		</compID>
		<type>5</type>
	</taskItem>
	<taskItem>
		<index>20</index>
		<title>战车制造3/4</title>
		<name>武器装配</name>
		<broken_crystal>100</broken_crystal>
		<crystal>3000</crystal>
		<tritium>2000</tritium>
		<dark_crystal>0</dark_crystal>
		<des>&lt;root&gt;
&lt;p&gt;
  &lt;s&gt;战车上需装配各种挂件增加战车属性，挂件的获得需通过军工厂制造。&lt;/s&gt;&lt;n/&gt;
  &lt;s&gt;  武器挂件是战车最有效的攻击性武器。请制造武器挂件。&lt;/s&gt;&lt;n/&gt;
&lt;/p&gt;
&lt;/root&gt;</des>
		<goalDes>战舰炮1型</goalDes>
		<completeDes>恭喜您！新移民现已拥有一件武器挂件，增加战车的攻击值。可与战车进行装配！</completeDes>
		<compID>
			<id>47</id>
			<id>48</id>
			<id>49</id>
			<id>50</id>
		</compID>
		<type>5</type>
	</taskItem>
	<taskItem>
		<index>21</index>
		<title>战车制造4/4</title>
		<name>装配附件</name>
		<broken_crystal>40</broken_crystal>
		<crystal>7000</crystal>
		<tritium>6200</tritium>
		<dark_crystal>0</dark_crystal>
		<des>&lt;root&gt;
&lt;p&gt;
  &lt;s&gt;第N批前来暗星系实现自己理想的人已经快要到来。&lt;/s&gt;&lt;n/&gt;
  &lt;s&gt;  其中不泛一些强盗，保护基地资源不被抢夺，需要立即动起来，请装配战车。&lt;/s&gt;&lt;n/&gt;
&lt;/p&gt;
&lt;/root&gt;</des>
		<goalDes>企业号装配武器挂件</goalDes>
		<completeDes>恭喜您！新移民现已成功装配好一辆具有攻击性的战车，您可更好的保护您的资源不被敌人夺去！</completeDes>
		<compID>
			<id>51</id>
			<id>52</id>
			<id>53</id>
			<id>54</id>
			<id>55</id>
			<id>56</id>
			<id>57</id>
		</compID>
		<type>5</type>
	</taskItem>
	<taskItem>
		<index>22</index>
		<title>基地建设14/16</title>
		<name>核电升级</name>
		<broken_crystal>60</broken_crystal>
		<crystal>4000</crystal>
		<tritium>3200</tritium>
		<dark_crystal>0</dark_crystal>
		<des>&lt;root&gt;
&lt;p&gt;
  &lt;s&gt;电能供应不足将导致基地内建筑无法正常工作。&lt;/s&gt;&lt;n/&gt;
  &lt;s&gt;  我们需要升级“暗能电厂”来生产更多的电能请将“暗能电厂”升级至3级！&lt;/s&gt;&lt;n/&gt;
&lt;/p&gt;
&lt;/root&gt;</des>
		<goalDes>升级暗能电厂</goalDes>
		<completeDes>恭喜您！您的暗能电厂已升级，具有相对充足的电能供应给基地使用！</completeDes>
		<compID>
			<id>58</id>
			<id>59</id>
			<id>60</id>
		</compID>
		<type>2</type>
	</taskItem>
	<taskItem>
		<index>23</index>
		<title>基地建设15/16</title>
		<name>资源置换</name>
		<broken_crystal>0</broken_crystal>
		<crystal>0</crystal>
		<tritium>0</tritium>
		<dark_crystal>5</dark_crystal>
		<des>&lt;root&gt;
&lt;p&gt;
  &lt;s&gt;“暗能水晶”的特殊属性注定了它的价值。&lt;/s&gt;&lt;n/&gt;
  &lt;s&gt;  使得“暗能水晶”在宇宙之中备受欢迎，我们可以利用它来与商人们交易。&lt;/s&gt;&lt;n/&gt;
  &lt;s&gt;  在我们不断发展星球的过程中，如果您发现您缺少某种资淅，阻碍了发展，您可以在移民商城中跟资源商们做生意，换取资源。&lt;/s&gt;&lt;n/&gt;
  &lt;s&gt;  当然您需要付给他们“暗能水晶”！&lt;/s&gt;&lt;n/&gt;
&lt;/p&gt;
&lt;/root&gt;</des>
		<goalDes>商城购买一次物品</goalDes>
		<completeDes> 恭喜您！现已成功与商人换取基地建设所需物资！</completeDes>
		<compID>
			<id>61</id>
			<id>62</id>
			<id>63</id>
		</compID>
		<type>3</type>
	</taskItem>
	<taskItem>
		<index>24</index>
		<title>基地建设16/16</title>
		<name>占领行星</name>
		<broken_crystal>30</broken_crystal>
		<crystal>1000</crystal>
		<tritium>800</tritium>
		<dark_crystal>0</dark_crystal>
		<des>&lt;root&gt;
&lt;p&gt;
  &lt;s&gt;新移民为了更好的在Terra（泰诺）行星系当中发展属于您的势力，请前往小行星带中攻占一个小行星！&lt;/s&gt;&lt;n/&gt;
&lt;/p&gt;
&lt;/root&gt;</des>
		<goalDes>攻占小行星</goalDes>
		<completeDes>恭喜您！成功攻占小行星，获得了更多资源！</completeDes>
		<compID>
			<id>64</id>
		</compID>
		<type>3</type>
	</taskItem>
	<taskItem>
		<index>25</index>
		<title>加入军团</title>
		<name/>
		<broken_crystal>60</broken_crystal>
		<crystal>2000</crystal>
		<tritium>1500</tritium>
		<dark_crystal>5</dark_crystal>
		<des>&lt;root&gt;
&lt;p&gt;
  &lt;s&gt;虽然成功的抢夺敌人的资源并成功防御敌人的攻击，但是担心敌人的报复。&lt;/s&gt;&lt;n/&gt;
  &lt;s&gt;  建议，我们加入军团或创建一个军团，在这里可以受到更好的保护，并且如果表现突出，军团将会奖励我们一些特殊的物品。&lt;/s&gt;&lt;n/&gt;
  &lt;s&gt;  接下来在论坛或者游戏帮助里我们将能得到更多的知识。为了梦想，出发吧！&lt;/s&gt;&lt;n/&gt;
&lt;/p&gt;
&lt;/root&gt;</des>
		<goalDes>加入军团/创建军团</goalDes>
		<completeDes>恭喜您！现已成功加入军团/创建军团！</completeDes>
		<compID>
			<id>65</id>
		</compID>
		<type>3</type>
	</taskItem>
	<taskItem>
		<index/>
		<title/>
		<name/>
		<broken_crystal/>
		<crystal/>
		<tritium/>
		<dark_crystal/>
		<des/>
		<goalDes/>
		<completeDes/>
		<compID/>
		<type/>
	</taskItem>
	<taskItem>
		<index/>
		<title/>
		<name/>
		<broken_crystal/>
		<crystal/>
		<tritium/>
		<dark_crystal/>
		<des/>
		<goalDes/>
		<completeDes/>
		<compID/>
		<type/>
	</taskItem>
	<taskItem>
		<index/>
		<title/>
		<name/>
		<broken_crystal/>
		<crystal/>
		<tritium/>
		<dark_crystal/>
		<des/>
		<goalDes/>
		<completeDes/>
		<compID/>
		<type/>
	</taskItem>
	<taskItem>
		<index/>
		<title/>
		<name/>
		<broken_crystal/>
		<crystal/>
		<tritium/>
		<dark_crystal/>
		<des/>
		<goalDes/>
		<completeDes/>
		<compID/>
		<type/>
	</taskItem>
	<taskItem>
		<index/>
		<title/>
		<name/>
		<broken_crystal/>
		<crystal/>
		<tritium/>
		<dark_crystal/>
		<des/>
		<goalDes/>
		<completeDes/>
		<compID/>
		<type/>
	</taskItem>
	<taskItem>
		<index/>
		<title/>
		<name/>
		<broken_crystal/>
		<crystal/>
		<tritium/>
		<dark_crystal/>
		<des/>
		<goalDes/>
		<completeDes/>
		<compID/>
		<type/>
	</taskItem>
	<taskItem>
		<index/>
		<title/>
		<name/>
		<broken_crystal/>
		<crystal/>
		<tritium/>
		<dark_crystal/>
		<des/>
		<goalDes/>
		<completeDes/>
		<compID/>
		<type/>
	</taskItem>
	<taskItem>
		<index/>
		<title/>
		<name/>
		<broken_crystal/>
		<crystal/>
		<tritium/>
		<dark_crystal/>
		<des/>
		<goalDes/>
		<completeDes/>
		<compID/>
		<type/>
	</taskItem>
	<taskItem>
		<index/>
		<title/>
		<name/>
		<broken_crystal/>
		<crystal/>
		<tritium/>
		<dark_crystal/>
		<des/>
		<goalDes/>
		<completeDes/>
		<compID/>
		<type/>
	</taskItem>
	<taskItem>
		<index/>
		<title/>
		<name/>
		<broken_crystal/>
		<crystal/>
		<tritium/>
		<dark_crystal/>
		<des/>
		<goalDes/>
		<completeDes/>
		<compID/>
		<type/>
	</taskItem>
	<taskItem>
		<index/>
		<title/>
		<name/>
		<broken_crystal/>
		<crystal/>
		<tritium/>
		<dark_crystal/>
		<des/>
		<goalDes/>
		<completeDes/>
		<compID/>
		<type/>
	</taskItem>
	<taskItem>
		<index/>
		<title/>
		<name/>
		<broken_crystal/>
		<crystal/>
		<tritium/>
		<dark_crystal/>
		<des/>
		<goalDes/>
		<completeDes/>
		<compID/>
		<type/>
	</taskItem>
	<taskItem>
		<index/>
		<title/>
		<name/>
		<broken_crystal/>
		<crystal/>
		<tritium/>
		<dark_crystal/>
		<des/>
		<goalDes/>
		<completeDes/>
		<compID/>
		<type/>
	</taskItem>
	<taskItem>
		<index/>
		<title/>
		<name/>
		<broken_crystal/>
		<crystal/>
		<tritium/>
		<dark_crystal/>
		<des/>
		<goalDes/>
		<completeDes/>
		<compID/>
		<type/>
	</taskItem>
	<taskItem>
		<index/>
		<title/>
		<name/>
		<broken_crystal/>
		<crystal/>
		<tritium/>
		<dark_crystal/>
		<des/>
		<goalDes/>
		<completeDes/>
		<compID/>
		<type/>
	</taskItem>
	<taskItem>
		<index/>
		<title/>
		<name/>
		<broken_crystal/>
		<crystal/>
		<tritium/>
		<dark_crystal/>
		<des/>
		<goalDes/>
		<completeDes/>
		<compID/>
		<type/>
	</taskItem>
	<taskItem>
		<index/>
		<title/>
		<name/>
		<broken_crystal/>
		<crystal/>
		<tritium/>
		<dark_crystal/>
		<des/>
		<goalDes/>
		<completeDes/>
		<compID/>
		<type/>
	</taskItem>
	<taskItem>
		<index/>
		<title/>
		<name/>
		<broken_crystal/>
		<crystal/>
		<tritium/>
		<dark_crystal/>
		<des/>
		<goalDes/>
		<completeDes/>
		<compID/>
		<type/>
	</taskItem>
	<taskItem>
		<index/>
		<title/>
		<name/>
		<broken_crystal/>
		<crystal/>
		<tritium/>
		<dark_crystal/>
		<des/>
		<goalDes/>
		<completeDes/>
		<compID/>
		<type/>
	</taskItem>
	<taskItem>
		<index/>
		<title/>
		<name/>
		<broken_crystal/>
		<crystal/>
		<tritium/>
		<dark_crystal/>
		<des/>
		<goalDes/>
		<completeDes/>
		<compID/>
		<type/>
	</taskItem>
	<taskItem>
		<index/>
		<title/>
		<name/>
		<broken_crystal/>
		<crystal/>
		<tritium/>
		<dark_crystal/>
		<des/>
		<goalDes/>
		<completeDes/>
		<compID/>
		<type/>
	</taskItem>
	<taskItem>
		<index/>
		<title/>
		<name/>
		<broken_crystal/>
		<crystal/>
		<tritium/>
		<dark_crystal/>
		<des/>
		<goalDes/>
		<completeDes/>
		<compID/>
		<type/>
	</taskItem>
	<taskItem>
		<index/>
		<title/>
		<name/>
		<broken_crystal/>
		<crystal/>
		<tritium/>
		<dark_crystal/>
		<des/>
		<goalDes/>
		<completeDes/>
		<compID/>
		<type/>
	</taskItem>
	<taskItem>
		<index/>
		<title/>
		<name/>
		<broken_crystal/>
		<crystal/>
		<tritium/>
		<dark_crystal/>
		<des/>
		<goalDes/>
		<completeDes/>
		<compID/>
		<type/>
	</taskItem>
	<taskItem>
		<index/>
		<title/>
		<name/>
		<broken_crystal/>
		<crystal/>
		<tritium/>
		<dark_crystal/>
		<des/>
		<goalDes/>
		<completeDes/>
		<compID/>
		<type/>
	</taskItem>
	<taskItem>
		<index/>
		<title/>
		<name/>
		<broken_crystal/>
		<crystal/>
		<tritium/>
		<dark_crystal/>
		<des/>
		<goalDes/>
		<completeDes/>
		<compID/>
		<type/>
	</taskItem>
	<taskItem>
		<index/>
		<title/>
		<name/>
		<broken_crystal/>
		<crystal/>
		<tritium/>
		<dark_crystal/>
		<des/>
		<goalDes/>
		<completeDes/>
		<compID/>
		<type/>
	</taskItem>
	<taskItem>
		<index/>
		<title/>
		<name/>
		<broken_crystal/>
		<crystal/>
		<tritium/>
		<dark_crystal/>
		<des/>
		<goalDes/>
		<completeDes/>
		<compID/>
		<type/>
	</taskItem>
	<taskItem>
		<index/>
		<title/>
		<name/>
		<broken_crystal/>
		<crystal/>
		<tritium/>
		<dark_crystal/>
		<des/>
		<goalDes/>
		<completeDes/>
		<compID/>
		<type/>
	</taskItem>
	<taskItem>
		<index/>
		<title/>
		<name/>
		<broken_crystal/>
		<crystal/>
		<tritium/>
		<dark_crystal/>
		<des/>
		<goalDes/>
		<completeDes/>
		<compID/>
		<type/>
	</taskItem>
	<taskItem>
		<index/>
		<title/>
		<name/>
		<broken_crystal/>
		<crystal/>
		<tritium/>
		<dark_crystal/>
		<des/>
		<goalDes/>
		<completeDes/>
		<compID/>
		<type/>
	</taskItem>
	<taskItem>
		<index/>
		<title/>
		<name/>
		<broken_crystal/>
		<crystal/>
		<tritium/>
		<dark_crystal/>
		<des/>
		<goalDes/>
		<completeDes/>
		<compID/>
		<type/>
	</taskItem>
	<taskItem>
		<index/>
		<title/>
		<name/>
		<broken_crystal/>
		<crystal/>
		<tritium/>
		<dark_crystal/>
		<des/>
		<goalDes/>
		<completeDes/>
		<compID/>
		<type/>
	</taskItem>
	<taskItem>
		<index/>
		<title/>
		<name/>
		<broken_crystal/>
		<crystal/>
		<tritium/>
		<dark_crystal/>
		<des/>
		<goalDes/>
		<completeDes/>
		<compID/>
		<type/>
	</taskItem>
	<taskItem>
		<index/>
		<title/>
		<name/>
		<broken_crystal/>
		<crystal/>
		<tritium/>
		<dark_crystal/>
		<des/>
		<goalDes/>
		<completeDes/>
		<compID/>
		<type/>
	</taskItem>
	<taskItem>
		<index/>
		<title/>
		<name/>
		<broken_crystal/>
		<crystal/>
		<tritium/>
		<dark_crystal/>
		<des/>
		<goalDes/>
		<completeDes/>
		<compID/>
		<type/>
	</taskItem>
	<taskItem>
		<index/>
		<title/>
		<name/>
		<broken_crystal/>
		<crystal/>
		<tritium/>
		<dark_crystal/>
		<des/>
		<goalDes/>
		<completeDes/>
		<compID/>
		<type/>
	</taskItem>
	<taskItem>
		<index/>
		<title/>
		<name/>
		<broken_crystal/>
		<crystal/>
		<tritium/>
		<dark_crystal/>
		<des/>
		<goalDes/>
		<completeDes/>
		<compID/>
		<type/>
	</taskItem>
	<taskItem>
		<index/>
		<title/>
		<name/>
		<broken_crystal/>
		<crystal/>
		<tritium/>
		<dark_crystal/>
		<des/>
		<goalDes/>
		<completeDes/>
		<compID/>
		<type/>
	</taskItem>
	<taskItem>
		<index/>
		<title/>
		<name/>
		<broken_crystal/>
		<crystal/>
		<tritium/>
		<dark_crystal/>
		<des/>
		<goalDes/>
		<completeDes/>
		<compID/>
		<type/>
	</taskItem>
	<taskItem>
		<index/>
		<title/>
		<name/>
		<broken_crystal/>
		<crystal/>
		<tritium/>
		<dark_crystal/>
		<des/>
		<goalDes/>
		<completeDes/>
		<compID/>
		<type/>
	</taskItem>
	<taskItem>
		<index/>
		<title/>
		<name/>
		<broken_crystal/>
		<crystal/>
		<tritium/>
		<dark_crystal/>
		<des/>
		<goalDes/>
		<completeDes/>
		<compID/>
		<type/>
	</taskItem>
	<taskItem>
		<index/>
		<title/>
		<name/>
		<broken_crystal/>
		<crystal/>
		<tritium/>
		<dark_crystal/>
		<des/>
		<goalDes/>
		<completeDes/>
		<compID/>
		<type/>
	</taskItem>
	<taskItem>
		<index/>
		<title/>
		<name/>
		<broken_crystal/>
		<crystal/>
		<tritium/>
		<dark_crystal/>
		<des/>
		<goalDes/>
		<completeDes/>
		<compID/>
		<type/>
	</taskItem>
	<taskItem>
		<index/>
		<title/>
		<name/>
		<broken_crystal/>
		<crystal/>
		<tritium/>
		<dark_crystal/>
		<des/>
		<goalDes/>
		<completeDes/>
		<compID/>
		<type/>
	</taskItem>
	<taskItem>
		<index/>
		<title/>
		<name/>
		<broken_crystal/>
		<crystal/>
		<tritium/>
		<dark_crystal/>
		<des/>
		<goalDes/>
		<completeDes/>
		<compID/>
		<type/>
	</taskItem>
	<taskItem>
		<index/>
		<title/>
		<name/>
		<broken_crystal/>
		<crystal/>
		<tritium/>
		<dark_crystal/>
		<des/>
		<goalDes/>
		<completeDes/>
		<compID/>
		<type/>
	</taskItem>
	<taskItem>
		<index/>
		<title/>
		<name/>
		<broken_crystal/>
		<crystal/>
		<tritium/>
		<dark_crystal/>
		<des/>
		<goalDes/>
		<completeDes/>
		<compID/>
		<type/>
	</taskItem>
	<taskItem>
		<index/>
		<title/>
		<name/>
		<broken_crystal/>
		<crystal/>
		<tritium/>
		<dark_crystal/>
		<des/>
		<goalDes/>
		<completeDes/>
		<compID/>
		<type/>
	</taskItem>
	<taskItem>
		<index/>
		<title/>
		<name/>
		<broken_crystal/>
		<crystal/>
		<tritium/>
		<dark_crystal/>
		<des/>
		<goalDes/>
		<completeDes/>
		<compID/>
		<type/>
	</taskItem>
	<taskItem>
		<index/>
		<title/>
		<name/>
		<broken_crystal/>
		<crystal/>
		<tritium/>
		<dark_crystal/>
		<des/>
		<goalDes/>
		<completeDes/>
		<compID/>
		<type/>
	</taskItem>
	<taskItem>
		<index/>
		<title/>
		<name/>
		<broken_crystal/>
		<crystal/>
		<tritium/>
		<dark_crystal/>
		<des/>
		<goalDes/>
		<completeDes/>
		<compID/>
		<type/>
	</taskItem>
	<taskItem>
		<index/>
		<title/>
		<name/>
		<broken_crystal/>
		<crystal/>
		<tritium/>
		<dark_crystal/>
		<des/>
		<goalDes/>
		<completeDes/>
		<compID/>
		<type/>
	</taskItem>
	<taskItem>
		<index/>
		<title/>
		<name/>
		<broken_crystal/>
		<crystal/>
		<tritium/>
		<dark_crystal/>
		<des/>
		<goalDes/>
		<completeDes/>
		<compID/>
		<type/>
	</taskItem>
	<taskItem>
		<index/>
		<title/>
		<name/>
		<broken_crystal/>
		<crystal/>
		<tritium/>
		<dark_crystal/>
		<des/>
		<goalDes/>
		<completeDes/>
		<compID/>
		<type/>
	</taskItem>
	<taskItem>
		<index/>
		<title/>
		<name/>
		<broken_crystal/>
		<crystal/>
		<tritium/>
		<dark_crystal/>
		<des/>
		<goalDes/>
		<completeDes/>
		<compID/>
		<type/>
	</taskItem>
	<taskItem>
		<index/>
		<title/>
		<name/>
		<broken_crystal/>
		<crystal/>
		<tritium/>
		<dark_crystal/>
		<des/>
		<goalDes/>
		<completeDes/>
		<compID/>
		<type/>
	</taskItem>
	<taskItem>
		<index/>
		<title/>
		<name/>
		<broken_crystal/>
		<crystal/>
		<tritium/>
		<dark_crystal/>
		<des/>
		<goalDes/>
		<completeDes/>
		<compID/>
		<type/>
	</taskItem>
	<taskItem>
		<index/>
		<title/>
		<name/>
		<broken_crystal/>
		<crystal/>
		<tritium/>
		<dark_crystal/>
		<des/>
		<goalDes/>
		<completeDes/>
		<compID/>
		<type/>
	</taskItem>
	<taskItem>
		<index/>
		<title/>
		<name/>
		<broken_crystal/>
		<crystal/>
		<tritium/>
		<dark_crystal/>
		<des/>
		<goalDes/>
		<completeDes/>
		<compID/>
		<type/>
	</taskItem>
	<taskItem>
		<index/>
		<title/>
		<name/>
		<broken_crystal/>
		<crystal/>
		<tritium/>
		<dark_crystal/>
		<des/>
		<goalDes/>
		<completeDes/>
		<compID/>
		<type/>
	</taskItem>
	<taskItem>
		<index/>
		<title/>
		<name/>
		<broken_crystal/>
		<crystal/>
		<tritium/>
		<dark_crystal/>
		<des/>
		<goalDes/>
		<completeDes/>
		<compID/>
		<type/>
	</taskItem>
	<taskItem>
		<index/>
		<title/>
		<name/>
		<broken_crystal/>
		<crystal/>
		<tritium/>
		<dark_crystal/>
		<des/>
		<goalDes/>
		<completeDes/>
		<compID/>
		<type/>
	</taskItem>
	<taskItem>
		<index/>
		<title/>
		<name/>
		<broken_crystal/>
		<crystal/>
		<tritium/>
		<dark_crystal/>
		<des/>
		<goalDes/>
		<completeDes/>
		<compID/>
		<type/>
	</taskItem>
	<taskItem>
		<index/>
		<title/>
		<name/>
		<broken_crystal/>
		<crystal/>
		<tritium/>
		<dark_crystal/>
		<des/>
		<goalDes/>
		<completeDes/>
		<compID/>
		<type/>
	</taskItem>
	<taskItem>
		<index/>
		<title/>
		<name/>
		<broken_crystal/>
		<crystal/>
		<tritium/>
		<dark_crystal/>
		<des/>
		<goalDes/>
		<completeDes/>
		<compID/>
		<type/>
	</taskItem>
	<taskItem>
		<index/>
		<title/>
		<name/>
		<broken_crystal/>
		<crystal/>
		<tritium/>
		<dark_crystal/>
		<des/>
		<goalDes/>
		<completeDes/>
		<compID/>
		<type/>
	</taskItem>
	<taskItem>
		<index/>
		<title/>
		<name/>
		<broken_crystal/>
		<crystal/>
		<tritium/>
		<dark_crystal/>
		<des/>
		<goalDes/>
		<completeDes/>
		<compID/>
		<type/>
	</taskItem>
	<taskItem>
		<index/>
		<title/>
		<name/>
		<broken_crystal/>
		<crystal/>
		<tritium/>
		<dark_crystal/>
		<des/>
		<goalDes/>
		<completeDes/>
		<compID/>
		<type/>
	</taskItem>
	<taskItem>
		<index/>
		<title/>
		<name/>
		<broken_crystal/>
		<crystal/>
		<tritium/>
		<dark_crystal/>
		<des/>
		<goalDes/>
		<completeDes/>
		<compID/>
		<type/>
	</taskItem>
	<taskItem>
		<index/>
		<title/>
		<name/>
		<broken_crystal/>
		<crystal/>
		<tritium/>
		<dark_crystal/>
		<des/>
		<goalDes/>
		<completeDes/>
		<compID/>
		<type/>
	</taskItem>
	<taskItem>
		<index/>
		<title/>
		<name/>
		<broken_crystal/>
		<crystal/>
		<tritium/>
		<dark_crystal/>
		<des/>
		<goalDes/>
		<completeDes/>
		<compID/>
		<type/>
	</taskItem>
	<taskItem>
		<index/>
		<title/>
		<name/>
		<broken_crystal/>
		<crystal/>
		<tritium/>
		<dark_crystal/>
		<des/>
		<goalDes/>
		<completeDes/>
		<compID/>
		<type/>
	</taskItem>
	<taskItem>
		<index/>
		<title/>
		<name/>
		<broken_crystal/>
		<crystal/>
		<tritium/>
		<dark_crystal/>
		<des/>
		<goalDes/>
		<completeDes/>
		<compID/>
		<type/>
	</taskItem>
	<taskItem>
		<index/>
		<title/>
		<name/>
		<broken_crystal/>
		<crystal/>
		<tritium/>
		<dark_crystal/>
		<des/>
		<goalDes/>
		<completeDes/>
		<compID/>
		<type/>
	</taskItem>
	<taskItem>
		<index/>
		<title/>
		<name/>
		<broken_crystal/>
		<crystal/>
		<tritium/>
		<dark_crystal/>
		<des/>
		<goalDes/>
		<completeDes/>
		<compID/>
		<type/>
	</taskItem>
	<taskItem>
		<index/>
		<title/>
		<name/>
		<broken_crystal/>
		<crystal/>
		<tritium/>
		<dark_crystal/>
		<des/>
		<goalDes/>
		<completeDes/>
		<compID/>
		<type/>
	</taskItem>
	<taskItem>
		<index/>
		<title/>
		<name/>
		<broken_crystal/>
		<crystal/>
		<tritium/>
		<dark_crystal/>
		<des/>
		<goalDes/>
		<completeDes/>
		<compID/>
		<type/>
	</taskItem>
	<taskItem>
		<index/>
		<title/>
		<name/>
		<broken_crystal/>
		<crystal/>
		<tritium/>
		<dark_crystal/>
		<des/>
		<goalDes/>
		<completeDes/>
		<compID/>
		<type/>
	</taskItem>
	<taskItem>
		<index/>
		<title/>
		<name/>
		<broken_crystal/>
		<crystal/>
		<tritium/>
		<dark_crystal/>
		<des/>
		<goalDes/>
		<completeDes/>
		<compID/>
		<type/>
	</taskItem>
	<taskItem>
		<index/>
		<title/>
		<name/>
		<broken_crystal/>
		<crystal/>
		<tritium/>
		<dark_crystal/>
		<des/>
		<goalDes/>
		<completeDes/>
		<compID/>
		<type/>
	</taskItem>
	<taskItem>
		<index/>
		<title/>
		<name/>
		<broken_crystal/>
		<crystal/>
		<tritium/>
		<dark_crystal/>
		<des/>
		<goalDes/>
		<completeDes/>
		<compID/>
		<type/>
	</taskItem>
	<taskItem>
		<index/>
		<title/>
		<name/>
		<broken_crystal/>
		<crystal/>
		<tritium/>
		<dark_crystal/>
		<des/>
		<goalDes/>
		<completeDes/>
		<compID/>
		<type/>
	</taskItem>
	<taskItem>
		<index/>
		<title/>
		<name/>
		<broken_crystal/>
		<crystal/>
		<tritium/>
		<dark_crystal/>
		<des/>
		<goalDes/>
		<completeDes/>
		<compID/>
		<type/>
	</taskItem>
	<taskItem>
		<index/>
		<title/>
		<name/>
		<broken_crystal/>
		<crystal/>
		<tritium/>
		<dark_crystal/>
		<des/>
		<goalDes/>
		<completeDes/>
		<compID/>
		<type/>
	</taskItem>
	<taskItem>
		<index/>
		<title/>
		<name/>
		<broken_crystal/>
		<crystal/>
		<tritium/>
		<dark_crystal/>
		<des/>
		<goalDes/>
		<completeDes/>
		<compID/>
		<type/>
	</taskItem>
	<taskItem>
		<index/>
		<title/>
		<name/>
		<broken_crystal/>
		<crystal/>
		<tritium/>
		<dark_crystal/>
		<des/>
		<goalDes/>
		<completeDes/>
		<compID/>
		<type/>
	</taskItem>
	<taskItem>
		<index/>
		<title/>
		<name/>
		<broken_crystal/>
		<crystal/>
		<tritium/>
		<dark_crystal/>
		<des/>
		<goalDes/>
		<completeDes/>
		<compID/>
		<type/>
	</taskItem>
	<taskItem>
		<index/>
		<title/>
		<name/>
		<broken_crystal/>
		<crystal/>
		<tritium/>
		<dark_crystal/>
		<des/>
		<goalDes/>
		<completeDes/>
		<compID/>
		<type/>
	</taskItem>
	<taskItem>
		<index/>
		<title/>
		<name/>
		<broken_crystal/>
		<crystal/>
		<tritium/>
		<dark_crystal/>
		<des/>
		<goalDes/>
		<completeDes/>
		<compID/>
		<type/>
	</taskItem>
	<taskItem>
		<index/>
		<title/>
		<name/>
		<broken_crystal/>
		<crystal/>
		<tritium/>
		<dark_crystal/>
		<des/>
		<goalDes/>
		<completeDes/>
		<compID/>
		<type/>
	</taskItem>
	<taskItem>
		<index/>
		<title/>
		<name/>
		<broken_crystal/>
		<crystal/>
		<tritium/>
		<dark_crystal/>
		<des/>
		<goalDes/>
		<completeDes/>
		<compID/>
		<type/>
	</taskItem>
	<taskItem>
		<index/>
		<title/>
		<name/>
		<broken_crystal/>
		<crystal/>
		<tritium/>
		<dark_crystal/>
		<des/>
		<goalDes/>
		<completeDes/>
		<compID/>
		<type/>
	</taskItem>
	<taskItem>
		<index/>
		<title/>
		<name/>
		<broken_crystal/>
		<crystal/>
		<tritium/>
		<dark_crystal/>
		<des/>
		<goalDes/>
		<completeDes/>
		<compID/>
		<type/>
	</taskItem>
	<taskItem>
		<index/>
		<title/>
		<name/>
		<broken_crystal/>
		<crystal/>
		<tritium/>
		<dark_crystal/>
		<des/>
		<goalDes/>
		<completeDes/>
		<compID/>
		<type/>
	</taskItem>
	<taskItem>
		<index/>
		<title/>
		<name/>
		<broken_crystal/>
		<crystal/>
		<tritium/>
		<dark_crystal/>
		<des/>
		<goalDes/>
		<completeDes/>
		<compID/>
		<type/>
	</taskItem>
	<taskItem>
		<index/>
		<title/>
		<name/>
		<broken_crystal/>
		<crystal/>
		<tritium/>
		<dark_crystal/>
		<des/>
		<goalDes/>
		<completeDes/>
		<compID/>
		<type/>
	</taskItem>
	<taskItem>
		<index/>
		<title/>
		<name/>
		<broken_crystal/>
		<crystal/>
		<tritium/>
		<dark_crystal/>
		<des/>
		<goalDes/>
		<completeDes/>
		<compID/>
		<type/>
	</taskItem>
	<taskItem>
		<index/>
		<title/>
		<name/>
		<broken_crystal/>
		<crystal/>
		<tritium/>
		<dark_crystal/>
		<des/>
		<goalDes/>
		<completeDes/>
		<compID/>
		<type/>
	</taskItem>
	<taskItem>
		<index/>
		<title/>
		<name/>
		<broken_crystal/>
		<crystal/>
		<tritium/>
		<dark_crystal/>
		<des/>
		<goalDes/>
		<completeDes/>
		<compID/>
		<type/>
	</taskItem>
	<taskItem>
		<index/>
		<title/>
		<name/>
		<broken_crystal/>
		<crystal/>
		<tritium/>
		<dark_crystal/>
		<des/>
		<goalDes/>
		<completeDes/>
		<compID/>
		<type/>
	</taskItem>
	<taskItem>
		<index/>
		<title/>
		<name/>
		<broken_crystal/>
		<crystal/>
		<tritium/>
		<dark_crystal/>
		<des/>
		<goalDes/>
		<completeDes/>
		<compID/>
		<type/>
	</taskItem>
	<taskItem>
		<index/>
		<title/>
		<name/>
		<broken_crystal/>
		<crystal/>
		<tritium/>
		<dark_crystal/>
		<des/>
		<goalDes/>
		<completeDes/>
		<compID/>
		<type/>
	</taskItem>
	<taskItem>
		<index/>
		<title/>
		<name/>
		<broken_crystal/>
		<crystal/>
		<tritium/>
		<dark_crystal/>
		<des/>
		<goalDes/>
		<completeDes/>
		<compID/>
		<type/>
	</taskItem>
	<taskItem>
		<index/>
		<title/>
		<name/>
		<broken_crystal/>
		<crystal/>
		<tritium/>
		<dark_crystal/>
		<des/>
		<goalDes/>
		<completeDes/>
		<compID/>
		<type/>
	</taskItem>
	<taskItem>
		<index/>
		<title/>
		<name/>
		<broken_crystal/>
		<crystal/>
		<tritium/>
		<dark_crystal/>
		<des/>
		<goalDes/>
		<completeDes/>
		<compID/>
		<type/>
	</taskItem>
	<taskItem>
		<index/>
		<title/>
		<name/>
		<broken_crystal/>
		<crystal/>
		<tritium/>
		<dark_crystal/>
		<des/>
		<goalDes/>
		<completeDes/>
		<compID/>
		<type/>
	</taskItem>
	<taskItem>
		<index/>
		<title/>
		<name/>
		<broken_crystal/>
		<crystal/>
		<tritium/>
		<dark_crystal/>
		<des/>
		<goalDes/>
		<completeDes/>
		<compID/>
		<type/>
	</taskItem>
	<taskItem>
		<index/>
		<title/>
		<name/>
		<broken_crystal/>
		<crystal/>
		<tritium/>
		<dark_crystal/>
		<des/>
		<goalDes/>
		<completeDes/>
		<compID/>
		<type/>
	</taskItem>
	<taskItem>
		<index/>
		<title/>
		<name/>
		<broken_crystal/>
		<crystal/>
		<tritium/>
		<dark_crystal/>
		<des/>
		<goalDes/>
		<completeDes/>
		<compID/>
		<type/>
	</taskItem>
	<taskItem>
		<index/>
		<title/>
		<name/>
		<broken_crystal/>
		<crystal/>
		<tritium/>
		<dark_crystal/>
		<des/>
		<goalDes/>
		<completeDes/>
		<compID/>
		<type/>
	</taskItem>
	<taskItem>
		<index/>
		<title/>
		<name/>
		<broken_crystal/>
		<crystal/>
		<tritium/>
		<dark_crystal/>
		<des/>
		<goalDes/>
		<completeDes/>
		<compID/>
		<type/>
	</taskItem>
	<taskItem>
		<index/>
		<title/>
		<name/>
		<broken_crystal/>
		<crystal/>
		<tritium/>
		<dark_crystal/>
		<des/>
		<goalDes/>
		<completeDes/>
		<compID/>
		<type/>
	</taskItem>
	<taskItem>
		<index/>
		<title/>
		<name/>
		<broken_crystal/>
		<crystal/>
		<tritium/>
		<dark_crystal/>
		<des/>
		<goalDes/>
		<completeDes/>
		<compID/>
		<type/>
	</taskItem>
	<taskItem>
		<index/>
		<title/>
		<name/>
		<broken_crystal/>
		<crystal/>
		<tritium/>
		<dark_crystal/>
		<des/>
		<goalDes/>
		<completeDes/>
		<compID/>
		<type/>
	</taskItem>
	<taskItem>
		<index/>
		<title/>
		<name/>
		<broken_crystal/>
		<crystal/>
		<tritium/>
		<dark_crystal/>
		<des/>
		<goalDes/>
		<completeDes/>
		<compID/>
		<type/>
	</taskItem>
	<taskItem>
		<index/>
		<title/>
		<name/>
		<broken_crystal/>
		<crystal/>
		<tritium/>
		<dark_crystal/>
		<des/>
		<goalDes/>
		<completeDes/>
		<compID/>
		<type/>
	</taskItem>
	<taskItem>
		<index/>
		<title/>
		<name/>
		<broken_crystal/>
		<crystal/>
		<tritium/>
		<dark_crystal/>
		<des/>
		<goalDes/>
		<completeDes/>
		<compID/>
		<type/>
	</taskItem>
	<taskItem>
		<index/>
		<title/>
		<name/>
		<broken_crystal/>
		<crystal/>
		<tritium/>
		<dark_crystal/>
		<des/>
		<goalDes/>
		<completeDes/>
		<compID/>
		<type/>
	</taskItem>
	<taskItem>
		<index/>
		<title/>
		<name/>
		<broken_crystal/>
		<crystal/>
		<tritium/>
		<dark_crystal/>
		<des/>
		<goalDes/>
		<completeDes/>
		<compID/>
		<type/>
	</taskItem>
	<taskItem>
		<index/>
		<title/>
		<name/>
		<broken_crystal/>
		<crystal/>
		<tritium/>
		<dark_crystal/>
		<des/>
		<goalDes/>
		<completeDes/>
		<compID/>
		<type/>
	</taskItem>
	<taskItem>
		<index/>
		<title/>
		<name/>
		<broken_crystal/>
		<crystal/>
		<tritium/>
		<dark_crystal/>
		<des/>
		<goalDes/>
		<completeDes/>
		<compID/>
		<type/>
	</taskItem>
	<taskItem>
		<index/>
		<title/>
		<name/>
		<broken_crystal/>
		<crystal/>
		<tritium/>
		<dark_crystal/>
		<des/>
		<goalDes/>
		<completeDes/>
		<compID/>
		<type/>
	</taskItem>
	<taskItem>
		<index/>
		<title/>
		<name/>
		<broken_crystal/>
		<crystal/>
		<tritium/>
		<dark_crystal/>
		<des/>
		<goalDes/>
		<completeDes/>
		<compID/>
		<type/>
	</taskItem>
	<taskItem>
		<index/>
		<title/>
		<name/>
		<broken_crystal/>
		<crystal/>
		<tritium/>
		<dark_crystal/>
		<des/>
		<goalDes/>
		<completeDes/>
		<compID/>
		<type/>
	</taskItem>
	<taskItem>
		<index/>
		<title/>
		<name/>
		<broken_crystal/>
		<crystal/>
		<tritium/>
		<dark_crystal/>
		<des/>
		<goalDes/>
		<completeDes/>
		<compID/>
		<type/>
	</taskItem>
	<taskItem>
		<index/>
		<title/>
		<name/>
		<broken_crystal/>
		<crystal/>
		<tritium/>
		<dark_crystal/>
		<des/>
		<goalDes/>
		<completeDes/>
		<compID/>
		<type/>
	</taskItem>
	<taskItem>
		<index/>
		<title/>
		<name/>
		<broken_crystal/>
		<crystal/>
		<tritium/>
		<dark_crystal/>
		<des/>
		<goalDes/>
		<completeDes/>
		<compID/>
		<type/>
	</taskItem>
	<taskItem>
		<index/>
		<title/>
		<name/>
		<broken_crystal/>
		<crystal/>
		<tritium/>
		<dark_crystal/>
		<des/>
		<goalDes/>
		<completeDes/>
		<compID/>
		<type/>
	</taskItem>
	<taskItem>
		<index/>
		<title/>
		<name/>
		<broken_crystal/>
		<crystal/>
		<tritium/>
		<dark_crystal/>
		<des/>
		<goalDes/>
		<completeDes/>
		<compID/>
		<type/>
	</taskItem>
	<taskItem>
		<index/>
		<title/>
		<name/>
		<broken_crystal/>
		<crystal/>
		<tritium/>
		<dark_crystal/>
		<des/>
		<goalDes/>
		<completeDes/>
		<compID/>
		<type/>
	</taskItem>
	<taskItem>
		<index/>
		<title/>
		<name/>
		<broken_crystal/>
		<crystal/>
		<tritium/>
		<dark_crystal/>
		<des/>
		<goalDes/>
		<completeDes/>
		<compID/>
		<type/>
	</taskItem>
	<taskItem>
		<index/>
		<title/>
		<name/>
		<broken_crystal/>
		<crystal/>
		<tritium/>
		<dark_crystal/>
		<des/>
		<goalDes/>
		<completeDes/>
		<compID/>
		<type/>
	</taskItem>
	<taskItem>
		<index/>
		<title/>
		<name/>
		<broken_crystal/>
		<crystal/>
		<tritium/>
		<dark_crystal/>
		<des/>
		<goalDes/>
		<completeDes/>
		<compID/>
		<type/>
	</taskItem>
	<taskItem>
		<index/>
		<title/>
		<name/>
		<broken_crystal/>
		<crystal/>
		<tritium/>
		<dark_crystal/>
		<des/>
		<goalDes/>
		<completeDes/>
		<compID/>
		<type/>
	</taskItem>
	<taskItem>
		<index/>
		<title/>
		<name/>
		<broken_crystal/>
		<crystal/>
		<tritium/>
		<dark_crystal/>
		<des/>
		<goalDes/>
		<completeDes/>
		<compID/>
		<type/>
	</taskItem>
	<taskItem>
		<index/>
		<title/>
		<name/>
		<broken_crystal/>
		<crystal/>
		<tritium/>
		<dark_crystal/>
		<des/>
		<goalDes/>
		<completeDes/>
		<compID/>
		<type/>
	</taskItem>
	<taskItem>
		<index/>
		<title/>
		<name/>
		<broken_crystal/>
		<crystal/>
		<tritium/>
		<dark_crystal/>
		<des/>
		<goalDes/>
		<completeDes/>
		<compID/>
		<type/>
	</taskItem>
	<taskItem>
		<index/>
		<title/>
		<name/>
		<broken_crystal/>
		<crystal/>
		<tritium/>
		<dark_crystal/>
		<des/>
		<goalDes/>
		<completeDes/>
		<compID/>
		<type/>
	</taskItem>
	<taskItem>
		<index/>
		<title/>
		<name/>
		<broken_crystal/>
		<crystal/>
		<tritium/>
		<dark_crystal/>
		<des/>
		<goalDes/>
		<completeDes/>
		<compID/>
		<type/>
	</taskItem>
	<taskItem>
		<index/>
		<title/>
		<name/>
		<broken_crystal/>
		<crystal/>
		<tritium/>
		<dark_crystal/>
		<des/>
		<goalDes/>
		<completeDes/>
		<compID/>
		<type/>
	</taskItem>
	<taskItem>
		<index/>
		<title/>
		<name/>
		<broken_crystal/>
		<crystal/>
		<tritium/>
		<dark_crystal/>
		<des/>
		<goalDes/>
		<completeDes/>
		<compID/>
		<type/>
	</taskItem>
	<taskItem>
		<index/>
		<title/>
		<name/>
		<broken_crystal/>
		<crystal/>
		<tritium/>
		<dark_crystal/>
		<des/>
		<goalDes/>
		<completeDes/>
		<compID/>
		<type/>
	</taskItem>
	<taskItem>
		<index/>
		<title/>
		<name/>
		<broken_crystal/>
		<crystal/>
		<tritium/>
		<dark_crystal/>
		<des/>
		<goalDes/>
		<completeDes/>
		<compID/>
		<type/>
	</taskItem>
	<taskItem>
		<index/>
		<title/>
		<name/>
		<broken_crystal/>
		<crystal/>
		<tritium/>
		<dark_crystal/>
		<des/>
		<goalDes/>
		<completeDes/>
		<compID/>
		<type/>
	</taskItem>
	<taskItem>
		<index/>
		<title/>
		<name/>
		<broken_crystal/>
		<crystal/>
		<tritium/>
		<dark_crystal/>
		<des/>
		<goalDes/>
		<completeDes/>
		<compID/>
		<type/>
	</taskItem>
	<taskItem>
		<index/>
		<title/>
		<name/>
		<broken_crystal/>
		<crystal/>
		<tritium/>
		<dark_crystal/>
		<des/>
		<goalDes/>
		<completeDes/>
		<compID/>
		<type/>
	</taskItem>
	<taskItem>
		<index/>
		<title/>
		<name/>
		<broken_crystal/>
		<crystal/>
		<tritium/>
		<dark_crystal/>
		<des/>
		<goalDes/>
		<completeDes/>
		<compID/>
		<type/>
	</taskItem>
	<taskItem>
		<index/>
		<title/>
		<name/>
		<broken_crystal/>
		<crystal/>
		<tritium/>
		<dark_crystal/>
		<des/>
		<goalDes/>
		<completeDes/>
		<compID/>
		<type/>
	</taskItem>
	<taskItem>
		<index/>
		<title/>
		<name/>
		<broken_crystal/>
		<crystal/>
		<tritium/>
		<dark_crystal/>
		<des/>
		<goalDes/>
		<completeDes/>
		<compID/>
		<type/>
	</taskItem>
	<taskItem>
		<index/>
		<title/>
		<name/>
		<broken_crystal/>
		<crystal/>
		<tritium/>
		<dark_crystal/>
		<des/>
		<goalDes/>
		<completeDes/>
		<compID/>
		<type/>
	</taskItem>
	<taskItem>
		<index/>
		<title/>
		<name/>
		<broken_crystal/>
		<crystal/>
		<tritium/>
		<dark_crystal/>
		<des/>
		<goalDes/>
		<completeDes/>
		<compID/>
		<type/>
	</taskItem>
</tasks>
